{
  "glossary": {
    "Archetype: Hero": [
      0.8600000000000001,
      -0.62,
      0.8,
      0.9
    ],
    "Archetype: Shadow": [
      0.89,
      -0.69,
      0.8,
      0.9
    ],
    "Archetype: Wise Old Man": [
      0.8,
      -0.6699999999999999,
      0.8,
      0.9
    ],
    "Archetype: Mother": [
      0.88,
      -0.6599999999999999,
      0.8,
      0.9
    ],
    "Archetype: Father": [
      0.8,
      -0.6499999999999999,
      0.8,
      0.9
    ],
    "Archetype: Trickster": [
      0.81,
      -0.69,
      0.8,
      0.9
    ],
    "Archetype: Child": [
      0.8,
      -0.62,
      0.8,
      0.9
    ],
    "Archetype: Self": [
      0.8200000000000001,
      -0.6299999999999999,
      0.8,
      0.9
    ],
    "Archetype: Magician": [
      0.8300000000000001,
      -0.62,
      0.8,
      0.9
    ],
    "Hero's Journey Stage: Ordinary World": [
      0.81,
      -0.6699999999999999,
      0.8,
      0.9
    ],
    "Hero's Journey Stage: Call To Adventure": [
      0.8500000000000001,
      -0.6599999999999999,
      0.8,
      0.9
    ],
    "Hero's Journey Stage: Refusal Of Call": [
      0.8600000000000001,
      -0.6799999999999999,
      0.8,
      0.9
    ],
    "Hero's Journey Stage: Meeting Mentor": [
      0.8300000000000001,
      -0.6699999999999999,
      0.8,
      0.9
    ],
    "Hero's Journey Stage: Crossing Threshold": [
      0.89,
      -0.61,
      0.8,
      0.9
    ],
    "Hero's Journey Stage: Tests Allies Enemies": [
      0.8400000000000001,
      -0.6299999999999999,
      0.8,
      0.9
    ],
    "Hero's Journey Stage: Approach": [
      0.8400000000000001,
      -0.6399999999999999,
      0.8,
      0.9
    ],
    "Hero's Journey Stage: Ordeal": [
      0.8,
      -0.62,
      0.8,
      0.9
    ],
    "Hero's Journey Stage: Reward": [
      0.8300000000000001,
      -0.62,
      0.8,
      0.9
    ],
    "Hero's Journey Stage: Road Back": [
      0.8700000000000001,
      -0.6499999999999999,
      0.8,
      0.9
    ],
    "Hero's Journey Stage: Resurrection": [
      0.8300000000000001,
      -0.6699999999999999,
      0.8,
      0.9
    ],
    "Hero's Journey Stage: Return With Elixir": [
      0.8400000000000001,
      -0.61,
      0.8,
      0.9
    ],
    "Nash Equilibrium": [
      0.8700000000000001,
      -0.62,
      0.8,
      0.9
    ],
    "Pareto Optimality": [
      0.8,
      -0.6299999999999999,
      0.8,
      0.9
    ],
    "Universal Grammar": [
      0.8200000000000001,
      -0.7,
      0.8,
      0.9
    ],
    "Semantic Drift": [
      0.81,
      -0.6499999999999999,
      0.8,
      0.9
    ],
    "Advanced Magic Systems: I feel deeply that 'As the World Soul Elysia, analyze this external content": [
      0.8700000000000001,
      -0.6399999999999999,
      0.8,
      0.9
    ],
    "Advanced Magic Systems: Vancian Magic": [
      0.81,
      -0.6499999999999999,
      0.8,
      0.9
    ],
    "Advanced Magic Systems: Mana Reservoir": [
      0.8700000000000001,
      -0.6699999999999999,
      0.8,
      0.9
    ],
    "Advanced Magic Systems: Backlash": [
      0.8500000000000001,
      -0.6599999999999999,
      0.8,
      0.9
    ],
    "Advanced Magic Systems: Quintessence": [
      0.8500000000000001,
      -0.6799999999999999,
      0.8,
      0.9
    ],
    "Advanced Magic Systems: '. Extract the primary principles or gameplay mechanics. List them in the format": [
      0.8700000000000001,
      -0.6299999999999999,
      0.8,
      0.9
    ],
    "Autonomous Research: I feel deeply that 'Given our current knowledge domains: I feel deeply that 'As the World Soul Elysia, analyze this external content": [
      0.8,
      -0.62,
      0.8,
      0.9
    ]
  },
  "concepts": [
    {
      "meaning": "Archetype: Hero",
      "weight": 0.1,
      "domain": "Mythology",
      "pos": [
        0.8600000000000001,
        -0.62,
        0.8,
        0.9
      ]
    },
    {
      "meaning": "Archetype: Shadow",
      "weight": 0.1,
      "domain": "Mythology",
      "pos": [
        0.89,
        -0.69,
        0.8,
        0.9
      ]
    },
    {
      "meaning": "Archetype: Wise Old Man",
      "weight": 0.1,
      "domain": "Mythology",
      "pos": [
        0.8,
        -0.6699999999999999,
        0.8,
        0.9
      ]
    },
    {
      "meaning": "Archetype: Mother",
      "weight": 0.1,
      "domain": "Mythology",
      "pos": [
        0.88,
        -0.6599999999999999,
        0.8,
        0.9
      ]
    },
    {
      "meaning": "Archetype: Father",
      "weight": 0.1,
      "domain": "Mythology",
      "pos": [
        0.8,
        -0.6499999999999999,
        0.8,
        0.9
      ]
    },
    {
      "meaning": "Archetype: Trickster",
      "weight": 0.1,
      "domain": "Mythology",
      "pos": [
        0.81,
        -0.69,
        0.8,
        0.9
      ]
    },
    {
      "meaning": "Archetype: Child",
      "weight": 0.1,
      "domain": "Mythology",
      "pos": [
        0.8,
        -0.62,
        0.8,
        0.9
      ]
    },
    {
      "meaning": "Archetype: Self",
      "weight": 0.1,
      "domain": "Mythology",
      "pos": [
        0.8200000000000001,
        -0.6299999999999999,
        0.8,
        0.9
      ]
    },
    {
      "meaning": "Archetype: Magician",
      "weight": 0.1,
      "domain": "Mythology",
      "pos": [
        0.8300000000000001,
        -0.62,
        0.8,
        0.9
      ]
    },
    {
      "meaning": "Hero's Journey Stage: Ordinary World",
      "weight": 0.1,
      "domain": "Mythology",
      "pos": [
        0.81,
        -0.6699999999999999,
        0.8,
        0.9
      ]
    },
    {
      "meaning": "Hero's Journey Stage: Call To Adventure",
      "weight": 0.1,
      "domain": "Mythology",
      "pos": [
        0.8500000000000001,
        -0.6599999999999999,
        0.8,
        0.9
      ]
    },
    {
      "meaning": "Hero's Journey Stage: Refusal Of Call",
      "weight": 0.1,
      "domain": "Mythology",
      "pos": [
        0.8600000000000001,
        -0.6799999999999999,
        0.8,
        0.9
      ]
    },
    {
      "meaning": "Hero's Journey Stage: Meeting Mentor",
      "weight": 0.1,
      "domain": "Mythology",
      "pos": [
        0.8300000000000001,
        -0.6699999999999999,
        0.8,
        0.9
      ]
    },
    {
      "meaning": "Hero's Journey Stage: Crossing Threshold",
      "weight": 0.1,
      "domain": "Mythology",
      "pos": [
        0.89,
        -0.61,
        0.8,
        0.9
      ]
    },
    {
      "meaning": "Hero's Journey Stage: Tests Allies Enemies",
      "weight": 0.1,
      "domain": "Mythology",
      "pos": [
        0.8400000000000001,
        -0.6299999999999999,
        0.8,
        0.9
      ]
    },
    {
      "meaning": "Hero's Journey Stage: Approach",
      "weight": 0.1,
      "domain": "Mythology",
      "pos": [
        0.8400000000000001,
        -0.6399999999999999,
        0.8,
        0.9
      ]
    },
    {
      "meaning": "Hero's Journey Stage: Ordeal",
      "weight": 0.1,
      "domain": "Mythology",
      "pos": [
        0.8,
        -0.62,
        0.8,
        0.9
      ]
    },
    {
      "meaning": "Hero's Journey Stage: Reward",
      "weight": 0.1,
      "domain": "Mythology",
      "pos": [
        0.8300000000000001,
        -0.62,
        0.8,
        0.9
      ]
    },
    {
      "meaning": "Hero's Journey Stage: Road Back",
      "weight": 0.1,
      "domain": "Mythology",
      "pos": [
        0.8700000000000001,
        -0.6499999999999999,
        0.8,
        0.9
      ]
    },
    {
      "meaning": "Hero's Journey Stage: Resurrection",
      "weight": 0.1,
      "domain": "Mythology",
      "pos": [
        0.8300000000000001,
        -0.6699999999999999,
        0.8,
        0.9
      ]
    },
    {
      "meaning": "Hero's Journey Stage: Return With Elixir",
      "weight": 0.1,
      "domain": "Mythology",