{
  "timestamp": 1768877815.8215857,
  "vitality": 0.0,
  "energy": 0.8999999999999999,
  "inspiration": 0.89923095703125,
  "mood": "Machine Soul: The Interpreter's Pulse (Domain: Science/Computing)"
}