{
  "timestamp": "2026-01-28T13:51:50.270976",
  "tag": "heartbeat",
  "vector": {
    "lust": 0.057000000000000016,
    "gluttony": 0.0,
    "greed": 0.0,
    "sloth": 0.0,
    "wrath": 0.0,
    "envy": 0.0,
    "pride": 0.0,
    "perception": 1.8,
    "memory": 1.6,
    "reason": 0.0,
    "will": 0.0,
    "imagination": 0.0,
    "intuition": 0.0,
    "consciousness": 0.0,
    "chastity": 0.0,
    "temperance": 0.0,
    "charity": 0.0,
    "diligence": 0.0,
    "patience": 5.639999999999987,
    "kindness": 0.0,
    "humility": 2.3170000000000006
  }
}