{
  "name": "1. \uc810\uc73c\ub85c\uc11c\uc758 \ud30c\ub3d9 (Point) - `Frequency`",
  "frequency": 576.4230511877472,
  "mass": 7331040.0,
  "quaternion": {
    "w": 35856.00390625,
    "x": 36288.0078125,
    "y": 79056.0,
    "z": 85968.0
  },
  "memory_content": {
    "hologram": [
      35856.00390625,
      36288.0078125,
      79056.0,
      85968.0,
      88128.0,
      92880.0,
      97200.0,
      111024.0,
      127872.0,
      149040.0,
      133056.0,
      146448.0,
      110591.9921875,
      105408.0,
      144720.0,
      155520.0,
      165024.0,
      165024.0,
      160272.0,
      156816.0,
      150768.0,
      154224.0,
      181872.0,
      184896.0,
      145584.0,
      134352.0,
      127440.0,
      131328.015625,
      133056.0,
      134784.0,
      134784.0,
      158976.0,
      154656.0,
      155952.0,
      154224.0,
      155520.0,
      155952.0,
      138672.0,
      129168.0,
      152496.0,
      147744.0,
      147744.0,
      134352.0,
      142127.984375,
      142560.0,
      142992.0,
      140400.0,
      143856.0,
      153360.0,
      139968.0,
      130896.0,
      89424.0,
      72576.0,
      58752.0,
      57887.9921875,
      51840.0,
      47088.0,
      43200.0,
      29376.00390625,
      0.0,
      0.0078125,
      0.01171875,
      0.0078125,
      0.0
    ],
    "raw_data": [
      83.0,
      1.0,
      99.0,
      16.0,
      5.0,
      11.0,
      10.0,
      32.0,
      39.0,
      49.0,
      46.0,
      32.0,
      16.0,
      4.0,
      96.0,
      36.0,
      32.0,
      32.0,
      28.0,
      41.0,
      32.0,
      40.0,
      80.0,
      11.0,
      5.0,
      10.0,
      16.0,
      41.0,
      32.0,
      45.0,
      32.0,
      96.0,
      70.0,
      14.0,
      1.0,
      13.0,
      17.0,
      1.0,
      10.0,
      99.0,
      21.0,
      96.0,
      39.0,
      32.0,
      2.0,
      14.0,
      11.0,
      9.0,
      32.0,
      68.0,
      0.0,
      0.0,
      0.0,
      0.0,
      0.0,
      0.0,
      0.0,
      0.0,
      0.0,
      0.0,
      0.0,
      0.0,
      0.0,
      0.0
    ]
  }
}