{
  "timestamp": 1764851181.8092294,
  "audio_id": "pipeline_test",
  "duration": 8.0,
  "sample_rate": 44100,
  "channels": 2,
  "segments": [
    {
      "start_time": 0.0,
      "end_time": 2.6666666666666665,
      "audio_type": "music",
      "confidence": 0.85,
      "transcription": null,
      "attributes": {}
    },
    {
      "start_time": 2.6666666666666665,
      "end_time": 5.333333333333333,
      "audio_type": "music",
      "confidence": 0.9,
      "transcription": null,
      "attributes": {}
    },
    {
      "start_time": 5.333333333333333,
      "end_time": 8.0,
      "audio_type": "music",
      "confidence": 0.95,
      "transcription": null,
      "attributes": {}
    }
  ],
  "primary_type": "music",
  "emotion_tone": "excited",
  "spectral": {
    "fundamental_frequency": 366.7134104016762,
    "spectral_centroid": 1085.5755941776774,
    "spectral_rolloff": 1628.3633912665161,
    "spectral_flux": 0.30854773764832344,
    "zero_crossing_rate": 0.10283314136142319
  },
  "temporal": {
    "tempo": 132.17489462421878,
    "rhythm_regularity": 0.8608137808692143,
    "energy": 0.488599391114678,
    "dynamic_range": 0.6082957949891137,
    "attack_time": 0.09479478704392073
  },
  "processing_time": 2.6226043701171875e-05,
  "confidence": 0.6924377165814041
}