{
  "timestamp": 1764850979.1316442,
  "audio_id": "audio_1764850979131",
  "duration": 5.0,
  "sample_rate": 44100,
  "channels": 1,
  "segments": [
    {
      "start_time": 0.0,
      "end_time": 1.6666666666666667,
      "audio_type": "speech",
      "confidence": 0.85,
      "transcription": "Hello, how are you?",
      "attributes": {}
    },
    {
      "start_time": 1.6666666666666667,
      "end_time": 3.3333333333333335,
      "audio_type": "speech",
      "confidence": 0.9,
      "transcription": "Hello, how are you?",
      "attributes": {}
    },
    {
      "start_time": 3.3333333333333335,
      "end_time": 5.0,
      "audio_type": "speech",
      "confidence": 0.95,
      "transcription": "Hello, how are you?",
      "attributes": {}
    }
  ],
  "primary_type": "speech",
  "emotion_tone": "calm",
  "spectral": {
    "fundamental_frequency": 130.12997075130647,
    "spectral_centroid": 640.2791236887781,
    "spectral_rolloff": 960.4186855331671,
    "spectral_flux": 0.3411024783441805,
    "zero_crossing_rate": 0.1708421022684522
  },
  "temporal": {
    "tempo": null,
    "rhythm_regularity": 0.40961662003103444,
    "energy": 0.40437803923397214,
    "dynamic_range": 0.8756572669233944,
    "attack_time": 0.04016577316988103
  },
  "processing_time": 3.0279159545898438e-05,
  "confidence": 0.6627122208902205
}