{
  "timestamp": 1766224572.4483337,
  "audio_id": "audio_1766224572448",
  "duration": 5.0,
  "sample_rate": 44100,
  "channels": 1,
  "segments": [
    {
      "start_time": 0.0,
      "end_time": 1.6666666666666667,
      "audio_type": "speech",
      "confidence": 0.85,
      "transcription": "Hello, how are you?",
      "attributes": {}
    },
    {
      "start_time": 1.6666666666666667,
      "end_time": 3.3333333333333335,
      "audio_type": "speech",
      "confidence": 0.9,
      "transcription": "Hello, how are you?",
      "attributes": {}
    },
    {
      "start_time": 3.3333333333333335,
      "end_time": 5.0,
      "audio_type": "speech",
      "confidence": 0.95,
      "transcription": "Hello, how are you?",
      "attributes": {}
    }
  ],
  "primary_type": "speech",
  "emotion_tone": "calm",
  "spectral": {
    "fundamental_frequency": 238.9789065029439,
    "spectral_centroid": 1064.248233332958,
    "spectral_rolloff": 1596.3723499994371,
    "spectral_flux": 0.3236987030614261,
    "zero_crossing_rate": 0.30205451125988597
  },
  "temporal": {
    "tempo": null,
    "rhythm_regularity": 0.544530505388858,
    "energy": 0.758541565882216,
    "dynamic_range": 0.5016667705569783,
    "attack_time": 0.06312451284919776
  },
  "processing_time": 0.0001804828643798828,
  "confidence": 0.7052655064976333
}