{
  "tick": 580,
  "alive": 0,
  "fields": {
    "value_mass_max": 8.581731796264648,
    "will_max": 6.478815078735352,
    "coherence_max": 0.9999617338180542
  },
  "cells": []
}