{
  "source_model": "gpt2",
  "complexity": 0.08459362320813126,
  "stepped_down_phases": {
    "R": {
      "amplitude": 1.656783153842394e-18,
      "phase_shift": 158.19859051364818
    },
    "S": {
      "amplitude": 1.9549873272872413e-18,
      "phase_shift": 140.98814837577552
    },
    "T": {
      "amplitude": 4.970349461527181e-18,
      "phase_shift": 21.80140948635181
    }
  },
  "pcm_summary": [
    0.030366658436250343,
    -0.06514784492966585,
    4.5
  ],
  "grid_metrics": {
    "voltage_level_rms": 8.582119942656816e-18,
    "transformer_temp_c": 46.43420351148938,
    "load_factor": 0.506,
    "active_frequency_hz": 58.754564034945915
  }
}