{
    "hue": 129.08999919891357,
    "saturation": 0.49191206097602846,
    "brightness": 0.6170351029876698,
    "contrast": 1.0,
    "transparency": 0.0,
    "joy": 0.0,
    "sorrow": 0.9487000107765198,
    "angry": 0.7198400020599366,
    "relaxed": 1.0,
    "surprised": 0.6276237607002257,
    "vocal_pitch": 0.810259997844696,
    "vocal_rate": 1.2699400007724762,
    "reverb": 0.1
}