{
    "hue": 240.0,
    "saturation": 0.5200000047683716,
    "brightness": 0.6304229586808886,
    "contrast": 1.0,
    "transparency": 0.6400000000000001,
    "joy": 0.699999988079071,
    "sorrow": 0.0,
    "angry": 0.5599999904632569,
    "relaxed": 0.8274999856948853,
    "surprised": 0.0,
    "vocal_pitch": 1.1399999976158142,
    "vocal_rate": 1.2099999964237214,
    "reverb": 0.42000000000000004
}