{
    "hue": 142.01759934425354,
    "saturation": 0.4108000010251999,
    "brightness": 0.6187010942084887,
    "contrast": 1.0,
    "transparency": 0.0,
    "joy": 0.0,
    "sorrow": 0.8271999955177307,
    "angry": 0.6446720123291017,
    "relaxed": 1.0,
    "surprised": 0.0,
    "vocal_pitch": 0.8345600008964539,
    "vocal_rate": 1.2417520046234132,
    "reverb": 0.1
}