{
    "hue": 124.01400089263916,
    "saturation": 0.5200000047683716,
    "brightness": 0.6243236785910418,
    "contrast": 1.0,
    "transparency": 0.0,
    "joy": 0.0,
    "sorrow": 0.9330999851226807,
    "angry": 0.8,
    "relaxed": 1.0,
    "surprised": 0.7,
    "vocal_pitch": 0.8133800029754639,
    "vocal_rate": 1.3,
    "reverb": 0.1
}