{
    "hue": 125.59799909591675,
    "saturation": 0.5200000047683716,
    "brightness": 0.61457259983282,
    "contrast": 1.0,
    "transparency": 0.0,
    "joy": 0.0,
    "sorrow": 0.9222999811172485,
    "angry": 0.7875200271606446,
    "relaxed": 1.0,
    "surprised": 0.7,
    "vocal_pitch": 0.8155400037765503,
    "vocal_rate": 1.2953200101852418,
    "reverb": 0.1
}