{
  "timestamp": 1764584680.704896,
  "total_energy": 7.639724023169125,
  "coherence": 0.2875860449992163,
  "active_nodes": 11,
  "dominant_frequency": 331.72727272727275
}