{
    "concept": "C:\\Elysia\\Core\\Keystone\\sovereign_math.py",
    "ascension_torque": 3.1367360521523038,
    "spiral_gap": 0.662671905901834,
    "timestamp": 1779111476.6948962
}