{
    "concept": "C:\\Archive\\ELYSIA_CHRONICLE.md",
    "ascension_torque": 2.103952366476721,
    "spiral_gap": 0.6600144426359248,
    "timestamp": 1779110896.7091246
}