{
  "name": "Web_en.wikipedia.org_wiki_Artifici",
  "frequency": 576.4230511877472,
  "mass": 5292000.0,
  "quaternion": {
    "w": 28080.0,
    "x": 34128.0,
    "y": 41040.0,
    "z": 43200.00390625
  },
  "memory_content": {
    "hologram": [
      28080.0,
      34128.0,
      41040.0,
      43200.00390625,
      44064.00390625,
      46224.00390625,
      88992.0078125,
      91152.0,
      133056.0,
      136512.0,
      122256.0,
      118368.0,
      115776.0,
      120528.0,
      120096.0,
      121391.9921875,
      82080.0,
      82080.0,
      41472.0,
      38448.0,
      28944.0,
      69552.0,
      65664.0,
      72576.0,
      91584.0,
      101952.0078125,
      136080.0,
      136080.0,
      137808.0,
      139536.0,
      140400.0,
      98064.0,
      97632.0,
      85968.0,
      108432.0,
      108432.0,
      102816.0,
      108000.0,
      108863.9921875,
      111888.0,
      120528.0,
      127007.9921875,
      131760.0,
      143424.0,
      144288.0,
      135216.0,
      107568.0,
      107136.0,
      103680.0,
      102816.0,
      88992.0,
      82080.0,
      77328.0,
      63504.0,
      20736.0078125,
      15984.0078125,
      11664.00390625,
      4752.0078125,
      4320.0078125,
      0.01171875,
      0.00390625,
      0.00390625,
      0.0078125,
      0.0078125
    ],
    "raw_data": [
      65.0,
      14.0,
      16.0,
      5.0,
      2.0,
      5.0,
      99.0,
      5.0,
      97.0,
      8.0,
      32.0,
      5.0,
      10.0,
      16.0,
      1.0,
      8.0,
      8.0,
      5.0,
      3.0,
      1.0,
      10.0,
      99.0,
      1.0,
      32.0,
      45.0,
      32.0,
      87.0,
      5.0,
      7.0,
      5.0,
      12.0,
      1.0,
      0.0,
      5.0,
      97.0,
      32.0,
      74.0,
      17.0,
      9.0,
      12.0,
      32.0,
      16.0,
      11.0,
      32.0,
      99.0,
      11.0,
      10.0,
      16.0,
      1.0,
      10.0,
      0.0,
      0.0,
      0.0,
      0.0,
      0.0,
      0.0,
      0.0,
      0.0,
      0.0,
      0.0,
      0.0,
      0.0,
      0.0,
      0.0
    ]
  }
}