{
    "desires": {
        "curiosity": 84.17801856994629,
        "purity": 99.99509283043153,
        "resonance": 50.0,
        "alignment": 100.0,
        "joy": 0.0,
        "warmth": 118.74752065307084,
        "freedom": 50.0
    },
    "momentum": [
        "0j",
        "0j",
        "0j",
        "0j",
        "0j",
        "0j",
        "0j",
        "0j",
        "0j",
        "0j",
        "0j",
        "0j",
        "0j",
        "0j",
        "0j",
        "0j",
        "0j",
        "0j",
        "0j",
        "0j",
        "0j"
    ],
    "vibration": [
        