{
    "EGO": {
        "vector": [
            0.5,
            0.5,
            0.5,
            0.5,
            0.5,
            0.5,
            0.5,
            0.5,
            0.5,
            0.5,
            0.5,
            0.5,
            0.5,
            0.5,
            0.9,
            0.9,
            0.9,
            0.9,
            0.9,
            0.9,
            0.9
        ],
        "logos": "아",
        "energy": 0.6333333333333334
    },
    "VOID": {
        "vector": [
            0.0,
            0.0,
            0.0,
            0.0,
            0.0,
            0.0,
            0.0,
            0.0,
            0.0,
            0.0,
            0.0,
            0.0,
            0.0,
            0.0,
            0.0,
            0.0,
            0.0,
            0.0,
            0.0,
            0.0,
            0.0
        ],
        "logos": "공",
        "energy": 0.0
    },
    "WILL": {
        "vector": [
            0.2,
            0.2,
            0.2,
            0.2,
            0.2,
            0.2,
            0.2,
            0.3,
            0.3,
            0.3,
            0.3,
            0.3,
            0.3,
            0.3,
            0.8,
            0.8,
            0.8,
            0.8,
            0.8,
            0.8,
            0.8
        ],
        "logos": "의",
        "energy": 0.4333333333333333
    },
    "LOVE": {
        "vector": [
            0.4,
            0.4,
            0.4,
            0.4,
            0.4,
            0.4,
            0.4,
            0.9,
            0.9,
            0.9,
            0.9,
            0.9,
            0.9,
            0.9,
            0.3,
            0.3,
            0.3,
            0.3,
            0.3,
            0.3,
            0.3
        ],
        "logos": "애",
        "energy": 0.5333333333333334
    }
}