{
  "timestamp": 1766224572.4451795,
  "audio_id": "audio_1766224572445",
  "duration": 5.0,
  "sample_rate": 44100,
  "channels": 1,
  "segments": [
    {
      "start_time": 0.0,
      "end_time": 1.6666666666666667,
      "audio_type": "music",
      "confidence": 0.85,
      "transcription": null,
      "attributes": {}
    },
    {
      "start_time": 1.6666666666666667,
      "end_time": 3.3333333333333335,
      "audio_type": "music",
      "confidence": 0.9,
      "transcription": null,
      "attributes": {}
    },
    {
      "start_time": 3.3333333333333335,
      "end_time": 5.0,
      "audio_type": "music",
      "confidence": 0.95,
      "transcription": null,
      "attributes": {}
    }
  ],
  "primary_type": "music",
  "emotion_tone": "happy",
  "spectral": {
    "fundamental_frequency": 341.3166044684381,
    "spectral_centroid": 2109.8595730653665,
    "spectral_rolloff": 3164.7893595980495,
    "spectral_flux": 0.16632839862679966,
    "zero_crossing_rate": 0.3639498751959317
  },
  "temporal": {
    "tempo": 112.34448768772654,
    "rhythm_regularity": 0.7506652475821154,
    "energy": 0.6021386029248694,
    "dynamic_range": 0.6327447449184864,
    "attack_time": 0.07224156494634738
  },
  "processing_time": 0.00010752677917480469,
  "confidence": 0.7136076303330917
}