{
  "timestamp": 1764835847.1927707,
  "audio_id": "audio_1764835847192",
  "duration": 5.0,
  "sample_rate": 44100,
  "channels": 1,
  "segments": [
    {
      "start_time": 0.0,
      "end_time": 1.6666666666666667,
      "audio_type": "speech",
      "confidence": 0.85,
      "transcription": "Hello, how are you?",
      "attributes": {}
    },
    {
      "start_time": 1.6666666666666667,
      "end_time": 3.3333333333333335,
      "audio_type": "speech",
      "confidence": 0.9,
      "transcription": "Hello, how are you?",
      "attributes": {}
    },
    {
      "start_time": 3.3333333333333335,
      "end_time": 5.0,
      "audio_type": "speech",
      "confidence": 0.95,
      "transcription": "Hello, how are you?",
      "attributes": {}
    }
  ],
  "primary_type": "speech",
  "emotion_tone": "calm",
  "spectral": {
    "fundamental_frequency": 214.85222183402263,
    "spectral_centroid": 1930.8021038648087,
    "spectral_rolloff": 2896.203155797213,
    "spectral_flux": 0.3607857319629021,
    "zero_crossing_rate": 0.12851947941574104
  },
  "temporal": {
    "tempo": null,
    "rhythm_regularity": 0.46464082551921837,
    "energy": 0.735020993230243,
    "dynamic_range": 0.5239999861804976,
    "attack_time": 0.08019092841971899
  },
  "processing_time": 3.147125244140625e-05,
  "confidence": 0.6960091591475028
}