{
  "timestamp": 1764850979.1310925,
  "audio_id": "demo_audio_1",
  "duration": 8.5,
  "sample_rate": 44100,
  "channels": 2,
  "segments": [
    {
      "start_time": 0.0,
      "end_time": 2.8333333333333335,
      "audio_type": "music",
      "confidence": 0.85,
      "transcription": null,
      "attributes": {}
    },
    {
      "start_time": 2.8333333333333335,
      "end_time": 5.666666666666667,
      "audio_type": "music",
      "confidence": 0.9,
      "transcription": null,
      "attributes": {}
    },
    {
      "start_time": 5.666666666666667,
      "end_time": 8.5,
      "audio_type": "music",
      "confidence": 0.95,
      "transcription": null,
      "attributes": {}
    }
  ],
  "primary_type": "music",
  "emotion_tone": "happy",
  "spectral": {
    "fundamental_frequency": 228.0440099640501,
    "spectral_centroid": 1249.9330122381793,
    "spectral_rolloff": 1874.899518357269,
    "spectral_flux": 0.4754303412713773,
    "zero_crossing_rate": 0.1522250859056406
  },
  "temporal": {
    "tempo": 117.94678178383575,
    "rhythm_regularity": 0.7945818171170412,
    "energy": 0.6267082239523959,
    "dynamic_range": 0.7049953187443398,
    "attack_time": 0.03552206099502923
  },
  "processing_time": 3.600120544433594e-05,
  "confidence": 0.6869110609527835
}