{
  "timestamp": 1764851181.801464,
  "audio_id": "fusion_test_1",
  "duration": 5.0,
  "sample_rate": 44100,
  "channels": 2,
  "segments": [
    {
      "start_time": 0.0,
      "end_time": 1.6666666666666667,
      "audio_type": "mixed",
      "confidence": 0.8,
      "transcription": null,
      "attributes": {}
    },
    {
      "start_time": 1.6666666666666667,
      "end_time": 3.3333333333333335,
      "audio_type": "mixed",
      "confidence": 0.8,
      "transcription": null,
      "attributes": {}
    },
    {
      "start_time": 3.3333333333333335,
      "end_time": 5.0,
      "audio_type": "mixed",
      "confidence": 0.8,
      "transcription": null,
      "attributes": {}
    }
  ],
  "primary_type": "mixed",
  "emotion_tone": "neutral",
  "spectral": {
    "fundamental_frequency": 343.35413739422967,
    "spectral_centroid": 3591.1719311603633,
    "spectral_rolloff": 5386.757896740545,
    "spectral_flux": 0.31287096802661685,
    "zero_crossing_rate": 0.3480060310542831
  },
  "temporal": {
    "tempo": null,
    "rhythm_regularity": 0.5712506131764477,
    "energy": 0.7103768519705406,
    "dynamic_range": 0.6738298813976665,
    "attack_time": 0.09499832040406184
  },
  "processing_time": 2.8133392333984375e-05,
  "confidence": 0.6426006129214503
}