{
  "timestamp": 1764851181.8114748,
  "audio_id": "stats_test_2",
  "duration": 3.0,
  "sample_rate": 44100,
  "channels": 2,
  "segments": [
    {
      "start_time": 0.0,
      "end_time": 1.0,
      "audio_type": "mixed",
      "confidence": 0.8,
      "transcription": null,
      "attributes": {}
    },
    {
      "start_time": 1.0,
      "end_time": 2.0,
      "audio_type": "mixed",
      "confidence": 0.8,
      "transcription": null,
      "attributes": {}
    },
    {
      "start_time": 2.0,
      "end_time": 3.0,
      "audio_type": "mixed",
      "confidence": 0.8,
      "transcription": null,
      "attributes": {}
    }
  ],
  "primary_type": "mixed",
  "emotion_tone": "neutral",
  "spectral": {
    "fundamental_frequency": 328.00634359781344,
    "spectral_centroid": 814.1389910759617,
    "spectral_rolloff": 1221.2084866139426,
    "spectral_flux": 0.22230968788669436,
    "zero_crossing_rate": 0.18193976204861573
  },
  "temporal": {
    "tempo": null,
    "rhythm_regularity": 0.3235724917608389,
    "energy": 0.41307416895761245,
    "dynamic_range": 0.6986552281930547,
    "attack_time": 0.08323227472295365
  },
  "processing_time": 2.3126602172851562e-05,
  "confidence": 0.6120193477775255
}