{
    "warmth": [
        [
            0.27829814601425856,
            0.0
        ],
        [
            0.2790443779216787,
            0.0
        ],
        [
            0.008556489561597462,
            0.0
        ],
        [
            0.009302721469017596,
            0.0
        ],
        [
            -0.019227878516843017,
            0.0
        ],
        [
            0.1594869374013675,
            0.0
        ],
        [
            0.1309563374155069,
            0.0
        ],
        [
            0.13170256932292704,
            0.0
        ],
        [
            -0.13878531903715424,
            0.0
        ],
        [
            -0.1380390871297341,
            0.0
        ],
        [
            -0.7012952944226224,
            0.0
        ],
        [
            0.27829814601425856,
            0.0
        ],
        [
            0.2790443779216787,
            0.0
        ],
        [
            0.008556489561597462,
            0.0
        ],
        [
            0.009302721469017596,
            0.0
        ],
        [
            -0.019227878516843017,
            0.0
        ],
        [
            0.1594869374013675,
            0.0
        ],
        [
            0.1309563374155069,
            0.0
        ],
        [
            0.13170256932292704,
            0.0
        ],
        [
            -0.13878531903715424,
            0.0
        ],
        [
            -0.1380390871297341,
            0.0
        ]
    ],
    "of": [
        [
            -0.2597919928597375,
            0.0
        ],
        [
            -0.07961367523120987,
            0.0
        ],
        [
            0.10056464239731774,
            0.0
        ],
        [
            -0.2262704453939649,
            0.0
        ],
        [
            -0.046092127765437294,
            0.0
        ],
        [
            0.13408618986309032,
            0.0
        ],
        [
            0.3142645074916179,
            0.0
        ],
        [
            -0.012570580299664728,
            0.0
        ],
        [
            0.1676077373288629,
            0.0
        ],
        [
            0.34778605495739046,
            0.0
        ],
        [
            -0.439970310488265,
            0.0
        ],
        [
            -0.2597919928597375,
            0.0
        ],
        [
            -0.07961367523120987,
            0.0
        ],
        [
            0.10056464239731774,
            0.0
        ],
        [
            -0.2262704453939649,
            0.0
        ],
        [
            -0.046092127765437294,
            0.0
        ],
        [
            0.13408618986309032,
            0.0
        ],
        [
            0.3142645074916179,
            0.0
        ],
        [
            -0.012570580299664728,
            0.0
        ],
        [
            0.1676077373288629,
            0.0
        ],
        [
            0.34778605495739046,
            0.0
        ]
    ],
    "the": [
        [
            -0.11075048887885948,
            0.0
        ],
        [
            0.012212031093106155,
            0.0
        ],
        [
            0.08885305381535877,
            0.0
        ],
        [
            0.21181557378732446,
            0.0
        ],
        [
            0.288456596509577,
            0.0
        ],
        [
            -0.1490710002399858,
            0.0
        ],
        [
            -0.07242997751773322,
            0.0
        ],
        [
            0.05053254245423248,
            0.0
        ],
        [
            0.127173565176485,
            0.0
        ],
        [
            0.2501360851484507,
            0.0
        ],
        [
            -0.6969279813479561,
            0.0
        ],
        [
            -0.11075048887885948,
            0.0
        ],
        [
            0.012212031093106155,
            0.0
        ],
        [
            0.08885305381535877,
            0.0
        ],
        [
            0.21181557378732446,
            0.0
        ],
        [
            0.288456596509577,
            0.0
        ],
        [
            -0.1490710002399858,
            0.0
        ],
        [
            -0.07242997751773322,
            0.0
        ],
        [
            0.05053254245423248,
            0.0
        ],
        [
            0.127173565176485,
            0.0
        ],
        [
            0.2501360851484507,
            0.0
        ]
    ]
}