{
  "patterns": {
    "introspection:general": {
      "score": 1.0,
      "last_used": 1768136127.4316366
    },
    "sight:general": {
      "score": 0.0,
      "last_used": 1768136128.4811184
    },
    "reading:general": {
      "score": 1.0,
      "last_used": 1768136127.4270773
    }
  },
  "themes": {
    "connection": [
      "exp_1768129370_8002",
      "exp_1768129370_8002",
      "exp_1768129370_8002",
      "exp_1768129370_8002",
      "exp_1768129370_8002",
      "exp_1768132588_3465",
      "exp_1768132588_3465",
      "exp_1768132588_3465",
      "exp_1768132588_3465",
      "exp_1768132588_3465",
      "exp_1768132641_9374",
      "exp_1768132641_9374",
      "exp_1768132641_9374",
      "exp_1768132641_9374",
      "exp_1768132641_9374",
      "exp_1768132651_9374",
      "exp_1768132651_9374",
      "exp_1768132651_9374",
      "exp_1768132651_9374",
      "exp_1768132651_9374",
      "exp_1768132679_3465",
      "exp_1768132679_3465",
      "exp_1768132679_3465",
      "exp_1768132679_3465",
      "exp_1768132679_3465",
      "exp_1768132728_9374",
      "exp_1768132728_9374",
      "exp_1768132728_9374",
      "exp_1768132728_9374",
      "exp_1768132728_9374",
      "exp_1768132732_3465",
      "exp_1768132732_3465",
      "exp_1768132732_3465",
      "exp_1768132732_3465",
      "exp_1768132732_3465",
      "exp_1768132769_9981",
      "exp_1768132769_9981",
      "exp_1768132769_9981",
      "exp_1768132769_9981",
      "exp_1768132769_9981",
      "exp_1768132925_3465",
      "exp_1768132925_3465",
      "exp_1768132925_3465",
      "exp_1768132925_3465",
      "exp_1768132925_3465",
      "exp_1768132931_3465",
      "exp_1768132931_3465",
      "exp_1768132931_3465",
      "exp_1768132931_3465",
      "exp_1768132931_3465",
      "exp_1768132944_3465",
      "exp_1768132944_3465",
      "exp_1768132944_3465",
      "exp_1768132944_3465",
      "exp_1768132944_3465",
      "exp_1768132953_9374",
      "exp_1768132953_9374",
      "exp_1768132953_9374",
      "exp_1768132953_9374",
      "exp_1768132953_9374",
      "exp_1768132962_9374",
      "exp_1768132962_9374",
      "exp_1768132962_9374",
      "exp_1768132962_9374",
      "exp_1768132962_9374",
      "exp_1768132983_9981",
      "exp_1768132983_9981",
      "exp_1768132983_9981",
      "exp_1768132983_9981",
      "exp_1768132983_9981",
      "exp_1768133023_9981",
      "exp_1768133023_9981",
      "exp_1768133023_9981",
      "exp_1768133023_9981",
      "exp_1768133023_9981",
      "exp_1768133055_9981",
      "exp_1768133055_9981",
      "exp_1768133055_9981",
      "exp_1768133055_9981",
      "exp_1768133055_9981",
      "exp_1768133062_3465",
      "exp_1768133062_3465",
      "exp_1768133062_3465",
      "exp_1768133062_3465",
      "exp_1768133062_3465",
      "exp_1768133077_9981",
      "exp_1768133077_9981",
      "exp_1768133077_9981",
      "exp_1768133077_9981",
      "exp_1768133077_9981",
      "exp_1768133111_9374",
      "exp_1768133111_9374",
      "exp_1768133111_9374",
      "exp_1768133111_9374",
      "exp_1768133111_9374",
      "exp_1768133113_9374",
      "exp_1768133113_9374",
      "exp_1768133113_9374",
      "exp_1768133113_9374",
      "exp_1768133113_9374",
      "exp_1768133122_9981",
      "exp_1768133122_9981",
      "exp_1768133122_9981",
      "exp_1768133122_9981",
      "exp_1768133122_9981",
      "exp_1768133144_9981",
      "exp_1768133144_9981",
      "exp_1768133144_9981",
      "exp_1768133144_9981",
      "exp_1768133144_9981",
      "exp_1768133163_3465",
      "exp_1768133163_3465",
      "exp_1768133163_3465",
      "exp_1768133163_3465",
      "exp_1768133163_3465",
      "exp_1768133174_9981",
      "exp_1768133174_9981",
      "exp_1768133174_9981",
      "exp_1768133174_9981",
      "exp_1768133174_9981",
      "exp_1768133252_9374",
      "exp_1768133252_9374",
      "exp_1768133252_9374",
      "exp_1768133252_9374",
      "exp_1768133252_9374",
      "exp_1768133289_3465",
      "exp_1768133289_3465",
      "exp_1768133289_3465",
      "exp_1768133289_3465",
      "exp_1768133289_3465",
      "exp_1768133316_3465",
      "exp_1768133316_3465",
      "exp_1768133316_3465",
      "exp_1768133316_3465",
      "exp_1768133316_3465",
      "exp_1768133335_3465",
      "exp_1768133335_3465",
      "exp_1768133335_3465",
      "exp_1768133335_3465",
      "exp_1768133335_3465",
      "exp_1768133392_9374",
      "exp_1768133392_9374",
      "exp_1768133392_9374",
      "exp_1768133392_9374",
      "exp_1768133392_9374",
      "exp_1768133396_9374",
      "exp_1768133396_9374",
      "exp_1768133396_9374",
      "exp_1768133396_9374",
      "exp_1768133396_9374",
      "exp_1768133402_9374",
      "exp_1768133402_9374",
      "exp_1768133402_9374",
      "exp_1768133402_9374",
      "exp_1768133402_9374",
      "exp_1768133425_9981",
      "exp_1768133425_9981",
      "exp_1768133425_9981",
      "exp_1768133425_9981",
      "exp_1768133425_9981",
      "exp_1768133468_9374",
      "exp_1768133468_9374",
      "exp_1768133468_9374",
      "exp_1768133468_9374",
      "exp_1768133468_9374",
      "exp_1768133501_9374",
      "exp_1768133501_9374",
      "exp_1768133501_9374",
      "exp_1768133501_9374",
      "exp_1768133501_9374",
      "exp_1768133513_9374",
      "exp_1768133513_9374",
      "exp_1768133513_9374",
      "exp_1768133513_9374",
      "exp_1768133513_9374",
      "exp_1768133524_9981",
      "exp_1768133524_9981",
      "exp_1768133524_9981",
      "exp_1768133524_9981",
      "exp_1768133524_9981",
      "exp_1768133526_9981",
      "exp_1768133526_9981",
      "exp_1768133526_9981",
      "exp_1768133526_9981",
      "exp_1768133526_9981",
      "exp_1768133582_3465",
      "exp_1768133582_3465",
      "exp_1768133582_3465",
      "exp_1768133582_3465",
      "exp_1768133582_3465",
      "exp_1768133595_3465",
      "exp_1768133595_3465",
      "exp_1768133595_3465",
      "exp_1768133595_3465",
      "exp_1768133595_3465",
      "exp_1768133605_9981",
      "exp_1768133605_9981",
      "exp_1768133605_9981",
      "exp_1768133605_9981",
      "exp_1768133605_9981",
      "exp_1768133638_9981",
      "exp_1768133638_9981",
      "exp_1768133638_9981",
      "exp_1768133638_9981",
      "exp_1768133638_9981",
      "exp_1768133672_9981",
      "exp_1768133672_9981",
      "exp_1768133672_9981",
      "exp_1768133672_9981",
      "exp_1768133672_9981",
      "exp_1768133721_9981",
      "exp_1768133721_9981",
      "exp_1768133721_9981",
      "exp_1768133721_9981",
      "exp_1768133721_9981",
      "exp_1768133760_3465",
      "exp_1768133760_3465",
      "exp_1768133760_3465",
      "exp_1768133760_3465",
      "exp_1768133760_3465",
      "exp_1768133781_9374",
      "exp_1768133781_9374",
      "exp_1768133781_9374",
      "exp_1768133781_9374",
      "exp_1768133781_9374",
      "exp_1768133802_9374",
      "exp_1768133802_9374",
      "exp_1768133802_9374",
      "exp_1768133802_9374",
      "exp_1768133802_9374",
      "exp_1768133816_3465",
      "exp_1768133816_3465",
      "exp_1768133816_3465",
      "exp_1768133816_3465",
      "exp_1768133816_3465",
      "exp_1768133818_9981",
      "exp_1768133818_9981",
      "exp_1768133818_9981",
      "exp_1768133818_9981",
      "exp_1768133818_9981",
      "exp_1768133861_3465",
      "exp_1768133861_3465",
      "exp_1768133861_3465",
      "exp_1768133861_3465",
      "exp_1768133861_3465",
      "exp_1768133867_3465",
      "exp_1768133867_3465",
      "exp_1768133867_3465",
      "exp_1768133867_3465",
      "exp_1768133867_3465",
      "exp_1768133888_3465",
      "exp_1768133888_3465",
      "exp_1768133888_3465",
      "exp_1768133888_3465",
      "exp_1768133888_3465",
      "exp_1768133914_9981",
      "exp_1768133914_9981",
      "exp_1768133914_9981",
      "exp_1768133914_9981",
      "exp_1768133914_9981",
      "exp_1768133963_3465",
      "exp_1768133963_3465"