{
  "name": "3. \uba74\uc73c\ub85c\uc11c\uc758 \ud30c\ub3d9 (Plane) - `Interference`",
  "frequency": 576.4230511877472,
  "mass": 7240320.0,
  "quaternion": {
    "w": 35856.0,
    "x": 36288.0,
    "y": 79056.0,
    "z": 85968.0
  },
  "memory_content": {
    "hologram": [
      35856.0,
      36288.0,
      79056.0,
      85968.0,
      88128.0,
      92880.0,
      97200.0,
      111024.0,
      127871.9921875,
      149904.0,
      133920.0,
      147312.0,
      118368.0,
      113184.0,
      152496.0,
      163296.0,
      172800.0,
      172800.0,
      168048.0,
      163728.0,
      157680.0,
      161136.0,
      181871.984375,
      183600.0,
      184032.0,
      172800.0,
      159408.0,
      163296.0,
      165024.0,
      166752.0,
      166752.0,
      190944.0,
      187920.0,
      188784.0,
      153792.0,
      149904.0,
      155520.0,
      138672.0,
      125280.0,
      111888.0,
      98496.0078125,
      61344.0078125,
      72576.0078125,
      68688.0078125,
      103248.0078125,
      119664.0,
      127440.0,
      127440.0078125,
      133056.0,
      131760.0,
      131328.0,
      127008.0,
      84240.0078125,
      83808.0,
      42336.015625,
      25488.0078125,
      11664.0078125,
      10800.0078125,
      4752.0078125,
      0.0,
      0.0,
      0.0,
      0.0078125,
      0.0078125
    ],
    "raw_data": [
      83.0,
      1.0,
      99.0,
      16.0,
      5.0,
      11.0,
      10.0,
      32.0,
      39.0,
      51.0,
      46.0,
      32.0,
      32.0,
      4.0,
      96.0,
      36.0,
      32.0,
      32.0,
      28.0,
      41.0,
      32.0,
      40.0,
      80.0,
      8.0,
      97.0,
      10.0,
      1.0,
      41.0,
      32.0,
      45.0,
      32.0,
      96.0,
      73.0,
      10.0,
      16.0,
      1.0,
      14.0,
      2.0,
      1.0,
      14.0,
      1.0,
      10.0,
      99.0,
      1.0,
      96.0,
      39.0,
      32.0,
      2.0,
      14.0,
      11.0,
      0.0,
      0.0,
      0.0,
      0.0,
      0.0,
      0.0,
      0.0,
      0.0,
      0.0,
      0.0,
      0.0,
      0.0,
      0.0,
      0.0
    ]
  }
}