{
    "hue": 125.37839770317078,
    "saturation": 0.44620540738105774,
    "brightness": 0.6156415693837246,
    "contrast": 1.0,
    "transparency": 0.0,
    "joy": 0.0,
    "sorrow": 0.9544000029563904,
    "angry": 0.7647680282592774,
    "relaxed": 0.6488990038633347,
    "surprised": 0.057086159288883206,
    "vocal_pitch": 0.8091199994087219,
    "vocal_rate": 1.286788010597229,
    "reverb": 0.1
}