{
  "timestamp": 1764585379.9769466,
  "total_energy": 9.036077614080671,
  "coherence": 0.29024586558991494,
  "active_nodes": 11,
  "dominant_frequency": 340.8181818181818
}