{
  "name": "0. \uc5b8\uc5b4\uc758 \ubcf8\uc9c8 (The Illusion of Language)",
  "frequency": 576.4230511877472,
  "mass": 6505920.0,
  "quaternion": {
    "w": 35856.0078125,
    "x": 36288.01171875,
    "y": 79056.0078125,
    "z": 85968.0
  },
  "memory_content": {
    "hologram": [
      35856.0078125,
      36288.01171875,
      79056.0078125,
      85968.0,
      88128.0,
      92880.0,
      97200.0,
      111024.0,
      127871.9921875,
      148607.984375,
      132624.0,
      146016.0,
      110160.0,
      108431.9921875,
      120095.984375,
      129167.984375,
      157680.0,
      168048.0,
      165024.0,
      161568.0,
      177984.0,
      165888.0,
      159408.0,
      168048.0,
      185760.0,
      175392.0,
      146016.0,
      129168.0,
      121824.0,
      106704.0,
      75168.0,
      77760.0,
      91152.0,
      82080.0,
      51408.00390625,
      61776.0,
      91152.0,
      125712.0,
      123552.0,
      122688.0,
      125280.0,
      162864.0,
      150336.0,
      146016.0,
      162864.0,
      165888.0,
      146880.0,
      105840.0,
      107568.0078125,
      111024.0078125,
      103680.0078125,
      61776.0078125,
      60480.0078125,
      60048.00390625,
      42336.00390625,
      25488.0078125,
      11664.0078125,
      10800.015625,
      4752.0078125,
      0.0,
      0.00390625,
      0.0078125,
      0.01171875,
      0.015625
    ],
    "raw_data": [
      83.0,
      1.0,
      99.0,
      16.0,
      5.0,
      11.0,
      10.0,
      32.0,
      39.0,
      48.0,
      46.0,
      32.0,
      16.0,
      12.0,
      32.0,
      32.0,
      76.0,
      56.0,
      32.0,
      40.0,
      84.0,
      4.0,
      1.0,
      32.0,
      73.0,
      8.0,
      8.0,
      17.0,
      15.0,
      5.0,
      11.0,
      10.0,
      32.0,
      11.0,
      2.0,
      32.0,
      76.0,
      97.0,
      10.0,
      3.0,
      17.0,
      97.0,
      3.0,
      1.0,
      41.0,
      39.0,
      32.0,
      2.0,
      14.0,
      11.0,
      0.0,
      0.0,
      0.0,
      0.0,
      0.0,
      0.0,
      0.0,
      0.0,
      0.0,
      0.0,
      0.0,
      0.0,
      0.0,
      0.0
    ]
  }
}