{
  "name": "2. \uc120\uc73c\ub85c\uc11c\uc758 \ud30c\ub3d9 (Line) - `Chrono-Stratum`",
  "frequency": 576.4230511877472,
  "mass": 7516800.0,
  "quaternion": {
    "w": 35856.00390625,
    "x": 36288.0,
    "y": 79056.0078125,
    "z": 85968.0
  },
  "memory_content": {
    "hologram": [
      35856.00390625,
      36288.0,
      79056.0078125,
      85968.0,
      88128.0,
      92880.0,
      97200.0,
      111024.0,
      127871.9921875,
      149471.984375,
      133488.0,
      146880.0,
      121391.9921875,
      116207.9921875,
      155519.984375,
      166320.0,
      175824.0,
      175824.0,
      171071.984375,
      167184.0,
      161135.984375,
      164592.0,
      180144.0,
      180576.0,
      143424.0,
      128304.0,
      132192.0,
      132192.0,
      139536.0,
      135648.0,
      163296.0,
      174960.0,
      143856.0,
      147744.0,
      148176.0,
      152064.0,
      139104.0,
      144720.0,
      161136.0,
      154224.0,
      118800.0,
      131760.0,
      136944.0,
      138240.0,
      137376.0,
      174528.0,
      186624.0,
      181008.0,
      146016.0,
      145152.0,
      139104.015625,
      97200.0078125,
      90288.015625,
      82944.0078125,
      79056.0078125,
      37584.0078125,
      20736.0078125,
      6912.015625,
      6048.00390625,
      0.0,
      0.0078125,
      0.0078125,
      0.015625,
      0.0078125
    ],
    "raw_data": [
      83.0,
      1.0,
      99.0,
      16.0,
      5.0,
      11.0,
      10.0,
      32.0,
      39.0,
      50.0,
      46.0,
      32.0,
      40.0,
      4.0,
      96.0,
      36.0,
      32.0,
      32.0,
      28.0,
      41.0,
      32.0,
      40.0,
      76.0,
      5.0,
      10.0,
      1.0,
      41.0,
      32.0,
      45.0,
      32.0,
      96.0,
      67.0,
      4.0,
      14.0,
      11.0,
      10.0,
      11.0,
      45.0,
      83.0,
      16.0,
      14.0,
      97.0,
      16.0,
      17.0,
      9.0,
      96.0,
      39.0,
      32.0,
      2.0,
      14.0,
      0.0,
      0.0,
      0.0,
      0.0,
      0.0,
      0.0,
      0.0,
      0.0,
      0.0,
      0.0,
      0.0,
      0.0,
      0.0,
      0.0
    ]
  }
}