{
  "name": "4. \ubb3c\uc9c8\ub85c\uc11c\uc758 \ud30c\ub3d9 (Matter) - `ConceptNode`",
  "frequency": 576.4230511877472,
  "mass": 7853760.0,
  "quaternion": {
    "w": 35856.0,
    "x": 36288.01171875,
    "y": 79056.0078125,
    "z": 85968.0
  },
  "memory_content": {
    "hologram": [
      35856.0,
      36288.01171875,
      79056.0078125,
      85968.0,
      88128.0078125,
      92880.0078125,
      97200.0,
      111024.0078125,
      127872.0,
      150335.984375,
      134352.0,
      147744.0,
      118800.0,
      136079.984375,
      175392.0,
      186192.0,
      195696.0,
      195696.0,
      190944.0,
      186192.0,
      180144.0,
      183600.0,
      203040.0,
      220751.984375,
      186192.0,
      177552.0,
      164160.0,
      156384.0,
      162000.0,
      158112.0,
      163728.0,
      160272.0,
      168480.0,
      155520.0,
      153360.0,
      150768.0,
      193104.0,
      187488.0,
      174960.0,
      168047.984375,
      182304.0,
      173232.0,
      131760.0,
      103248.0078125,
      139968.0,
      152496.0,
      123552.0,
      123984.0,
      124848.0,
      122688.0078125,
      88992.0078125,
      84240.0078125,
      84240.0078125,
      83808.0078125,
      42336.0,
      25488.015625,
      11664.01171875,
      10800.015625,
      4752.01171875,
      0.0078125,
      0.015625,
      0.015625,
      0.0,
      0.0234375
    ],
    "raw_data": [
      83.0,
      1.0,
      99.0,
      16.0,
      5.0,
      11.0,
      10.0,
      32.0,
      39.0,
      52.0,
      46.0,
      32.0,
      32.0,
      56.0,
      96.0,
      36.0,
      32.0,
      32.0,
      28.0,
      41.0,
      32.0,
      40.0,
      77.0,
      97.0,
      16.0,
      16.0,
      1.0,
      14.0,
      41.0,
      32.0,
      45.0,
      32.0,
      96.0,
      67.0,
      11.0,
      10.0,
      99.0,
      1.0,
      12.0,
      16.0,
      78.0,
      11.0,
      0.0,
      1.0,
      96.0,
      39.0,
      32.0,
      2.0,
      14.0,
      11.0,
      0.0,
      0.0,
      0.0,
      0.0,
      0.0,
      0.0,
      0.0,
      0.0,
      0.0,
      0.0,
      0.0,
      0.0,
      0.0,
      0.0
    ]
  }
}