{
  "name": "5. \uc6d0\ub9ac\ub85c\uc11c\uc758 \ud30c\ub3d9 (Principle) - `Law`",
  "frequency": 576.4230511877472,
  "mass": 8713440.0,
  "quaternion": {
    "w": 35856.0078125,
    "x": 36288.01171875,
    "y": 79056.0078125,
    "z": 85968.0078125
  },
  "memory_content": {
    "hologram": [
      35856.0078125,
      36288.01171875,
      79056.0078125,
      85968.0078125,
      88128.0,
      92880.0,
      97200.0,
      111024.0,
      127872.0,
      150768.0,
      134784.0,
      148176.0,
      146880.0,
      153791.984375,
      193104.0,
      203903.984375,
      213408.0,
      213408.0,
      208656.0,
      203472.0,
      197424.0,
      200880.0,
      193968.0,
      186192.0,
      146880.0,
      135648.0,
      164592.0,
      152928.0,
      146016.0,
      131760.0,
      118368.0078125,
      118800.0,
      98064.0078125,
      111456.0,
      123120.0078125,
      160272.0,
      150336.015625,
      190080.0,
      193104.0,
      231120.0,
      247536.0,
      243648.0,
      230688.0,
      217296.0,
      208224.0,
      170640.0,
      151632.0,
      139104.0,
      162432.0,
      154224.0,
      137376.0,
      123552.0,
      122688.0,
      116640.0,
      111888.0,
      108000.0,
      94176.0,
      64800.0078125,
      33264.0078125,
      0.0078125,
      0.0078125,
      0.015625,
      0.0078125,
      0.015625
    ],
    "raw_data": [
      83.0,
      1.0,
      99.0,
      16.0,
      5.0,
      11.0,
      10.0,
      32.0,
      39.0,
      53.0,
      46.0,
      32.0,
      96.0,
      32.0,
      96.0,
      36.0,
      32.0,
      32.0,
      28.0,
      41.0,
      32.0,
      40.0,
      80.0,
      14.0,
      5.0,
      10.0,
      99.0,
      5.0,
      12.0,
      8.0,
      1.0,
      41.0,
      32.0,
      45.0,
      32.0,
      96.0,
      76.0,
      97.0,
      19.0,
      96.0,
      39.0,
      32.0,
      2.0,
      14.0,
      11.0,
      9.0,
      32.0,
      68.0,
      73.0,
      77.0,
      0.0,
      0.0,
      0.0,
      0.0,
      0.0,
      0.0,
      0.0,
      0.0,
      0.0,
      0.0,
      0.0,
      0.0,
      0.0,
      0.0
    ]
  }
}