{
  "name": "6. \uacf5\uac04\ud615\ud0dc\ub85c\uc11c\uc758 \ud30c\ub3d9 (Space) - `ResonanceField`",
  "frequency": 576.4230511877472,
  "mass": 8786880.0,
  "quaternion": {
    "w": 35856.0078125,
    "x": 36288.015625,
    "y": 79056.0078125,
    "z": 85968.0
  },
  "memory_content": {
    "hologram": [
      35856.0078125,
      36288.015625,
      79056.0078125,
      85968.0,
      88128.0,
      92880.0,
      97200.0078125,
      111024.0078125,
      127872.0,
      151200.0,
      135216.0,
      148608.0,
      139103.984375,
      147744.0,
      147744.0,
      172367.984375,
      209520.0,
      211248.0,
      208224.0,
      198720.0,
      190944.0,
      194832.0,
      175392.0,
      177120.0,
      210816.0,
      186624.0,
      187056.0,
      214272.0,
      200880.0,
      204768.0,
      206496.0,
      208224.0,
      208224.0,
      232415.984375,
      231984.0,
      227232.0,
      191808.0,
      153792.0,
      157680.0,
      181872.0,
      172368.0,
      195696.0,
      182304.0,
      171072.0,
      137808.0,
      137808.0,
      134784.0,
      130032.0,
      167184.0,
      142128.0,
      137808.0,
      95040.0,
      94608.0078125,
      64368.0078125,
      62208.00390625,
      61776.0078125,
      58320.015625,
      58320.01953125,
      16848.015625,
      0.0078125,
      0.015625,
      0.0078125,
      0.0234375,
      0.015625
    ],
    "raw_data": [
      83.0,
      1.0,
      99.0,
      16.0,
      5.0,
      11.0,
      10.0,
      32.0,
      39.0,
      54.0,
      46.0,
      32.0,
      77.0,
      36.0,
      5.0,
      68.0,
      96.0,
      36.0,
      32.0,
      32.0,
      28.0,
      41.0,
      32.0,
      40.0,
      83.0,
      12.0,
      97.0,
      99.0,
      1.0,
      41.0,
      32.0,
      45.0,
      32.0,
      96.0,
      82.0,
      1.0,
      15.0,
      11.0,
      10.0,
      97.0,
      10.0,
      99.0,
      1.0,
      70.0,
      5.0,
      1.0,
      8.0,
      0.0,
      96.0,
      39.0,
      0.0,
      0.0,
      0.0,
      0.0,
      0.0,
      0.0,
      0.0,
      0.0,
      0.0,
      0.0,
      0.0,
      0.0,
      0.0,
      0.0
    ]
  }
}