{
  "name": "JulesContinuity",
  "frequency": 589.0736220893431,
  "mass": 510.44989013671875,
  "quaternion": {
    "w": 8.593488693237305,
    "x": 8.456456184387207,
    "y": 8.270951271057129,
    "z": 8.0712251663208
  },
  "memory_content": {}
}