{
  "name": "Memory of Alpha",
  "frequency": 589.0,
  "mass": 1.3500001430511475,
  "quaternion": {
    "w": 0.8999999761581421,
    "x": 0.44999998807907104,
    "y": 3.2349454226476837e-09,
    "z": 1.743914346263864e-09
  },
  "memory_content": {
    "hologram": [
      0.8999999761581421,
      0.44999998807907104,
      3.2349454226476837e-09,
      -1.743914346263864e-09,
      0.0,
      -2.6966364696789924e-09,
      2.852427183341888e-09,
      -6.836010868482845e-09,
      0.0,
      -4.217220794799914e-09,
      -2.397412934840304e-09,
      -5.289497728711012e-09,
      0.0,
      -8.957637298578902e-09,
      2.5896547128922975e-09,
      2.0554824509133596e-09,
      0.0,
      1.2386135672670662e-08,
      -7.63018093152823e-10,
      -4.943823128655822e-09,
      0.0,
      -7.651900446603577e-09,
      -4.29654978262306e-09,
      -1.7026438037248681e-09,
      0.0,
      1.166546947928282e-08,
      -6.695176857363094e-09,
      5.9111027184144405e-09,
      0.0,
      7.0846719602002395e-09,
      5.475129682963598e-09,
      -3.537081738613779e-11,
      0.0,
      0.0,
      5.475129682963598e-09,
      8.994025968434016e-09,
      0.0,
      2.415622146756391e-09,
      -6.6951764132738845e-09,
      -3.7294833887813184e-10,
      0.0,
      6.321823953214789e-09,
      -4.29654978262306e-09,
      -9.18354103873753e-09,
      0.0,
      -3.1448448289950193e-09,
      -7.63018093152823e-10,
      1.0270657213595769e-08,
      0.0,
      2.5150255211769945e-09,
      2.5896547128922975e-09,
      -1.7207449687361986e-08,
      0.0,
      -2.3688793149290177e-09,
      -2.397413156884909e-09,
      -7.706489668635186e-09,
      0.0,
      1.1310894443283814e-09,
      2.852427183341888e-09,
      -6.339225144813554e-09,
      0.0,
      4.184430579812215e-10,
      3.2349456446922886e-09,
      4.3273225003304105e-09
    ],
    "raw_data": [
      1.0,
      0.5,
      0.0,
      0.0,
      0.0,
      0.0,
      0.0,
      0.0,
      0.0,
      0.0,
      0.0,
      0.0,
      0.0,
      0.0,
      0.0,
      0.0,
      0.0,
      0.0,
      0.0,
      0.0,
      0.0,
      0.0,
      0.0,
      0.0,
      0.0,
      0.0,
      0.0,
      0.0,
      0.0,
      0.0,
      0.0,
      0.0,
      0.0,
      0.0,
      0.0,
      0.0,
      0.0,
      0.0,
      0.0,
      0.0,
      0.0,
      0.0,
      0.0,
      0.0,
      0.0,
      0.0,
      0.0,
      0.0,
      0.0,
      0.0,
      0.0,
      0.0,
      0.0,
      0.0,
      0.0,
      0.0,
      0.0,
      0.0,
      0.0,
      0.0,
      0.0,
      0.0,
      0.0,
      0.0
    ]
  }
}