{
  "name": "Star_B",
  "frequency": 400.0,
  "mass": 819.2000732421875,
  "quaternion": {
    "w": 12.800000190734863,
    "x": 12.800000190734863,
    "y": 12.800000190734863,
    "z": 12.800000190734863
  },
  "memory_content": {
    "hologram": [
      -12.800000190734863,
      -12.800000190734863,
      -12.800000190734863,
      -12.800000190734863,
      -12.800000190734863,
      -12.800000190734863,
      -12.800000190734863,
      -12.800000190734863,
      -12.800000190734863,
      -12.800000190734863,
      -12.800000190734863,
      -12.800000190734863,
      -12.800000190734863,
      -12.800000190734863,
      -12.800000190734863,
      -12.800000190734863,
      -12.800000190734863,
      -12.800000190734863,
      -12.800000190734863,
      -12.800000190734863,
      -12.800000190734863,
      -12.800000190734863,
      -12.800000190734863,
      -12.800000190734863,
      -12.800000190734863,
      -12.800000190734863,
      -12.800000190734863,
      -12.800000190734863,
      -12.800000190734863,
      -12.800000190734863,
      -12.800000190734863,
      -12.800000190734863,
      -12.800000190734863,
      -12.800000190734863,
      -12.800000190734863,
      -12.800000190734863,
      -12.800000190734863,
      -12.800000190734863,
      -12.800000190734863,
      -12.800000190734863,
      -12.800000190734863,
      -12.800000190734863,
      -12.800000190734863,
      -12.800000190734863,
      -12.800000190734863,
      -12.800000190734863,
      -12.800000190734863,
      -12.800000190734863,
      -12.800000190734863,
      -12.800000190734863,
      -12.800000190734863,
      -12.800000190734863,
      -12.800000190734863,
      -12.800000190734863,
      -12.800000190734863,
      -12.800000190734863,
      -12.800000190734863,
      -12.800000190734863,
      -12.800000190734863,
      -12.800000190734863,
      -12.800000190734863,
      -12.800000190734863,
      -12.800000190734863,
      -12.800000190734863
    ],
    "raw_data": [
      -1.0,
      -1.0,
      -1.0,
      -1.0,
      -1.0,
      -1.0,
      -1.0,
      -1.0,
      -1.0,
      -1.0,
      -1.0,
      -1.0,
      -1.0,
      -1.0,
      -1.0,
      -1.0,
      -1.0,
      -1.0,
      -1.0,
      -1.0,
      -1.0,
      -1.0,
      -1.0,
      -1.0,
      -1.0,
      -1.0,
      -1.0,
      -1.0,
      -1.0,
      -1.0,
      -1.0,
      -1.0,
      -1.0,
      -1.0,
      -1.0,
      -1.0,
      -1.0,
      -1.0,
      -1.0,
      -1.0,
      -1.0,
      -1.0,
      -1.0,
      -1.0,
      -1.0,
      -1.0,
      -1.0,
      -1.0,
      -1.0,
      -1.0,
      -1.0,
      -1.0,
      -1.0,
      -1.0,
      -1.0,
      -1.0,
      -1.0,
      -1.0,
      -1.0,
      -1.0,
      -1.0,
      -1.0,
      -1.0,
      -1.0
    ]
  }
}