{
  "name": "TimeMarker_1767368697_593",
  "frequency": 589.0,
  "mass": 885600.0,
  "quaternion": {
    "w": 34560.0,
    "x": 44928.0,
    "y": 45359.99609375,
    "z": 46656.0
  },
  "memory_content": {
    "data": "Philosophy Blog Visit",
    "timestamp": 1767368697.5930533,
    "type": "TimeMarker"
  }
}