{
  "name": "Web_en.wikipedia.org_wiki_Epistemo",
  "frequency": 576.4230511877472,
  "mass": 5171040.0,
  "quaternion": {
    "w": 29808.00390625,
    "x": 34992.0078125,
    "y": 37152.00390625,
    "z": 43632.0
  },
  "memory_content": {
    "hologram": [
      29808.00390625,
      34992.0078125,
      37152.00390625,
      43632.0,
      50544.00390625,
      50976.0,
      54863.99609375,
      59616.0,
      63072.0,
      67824.0,
      39312.00390625,
      43200.0,
      54864.0,
      67824.0,
      74736.0,
      111887.9921875,
      110160.0,
      108432.0,
      107136.0,
      107568.0,
      106704.0,
      97632.0,
      85968.0,
      108432.0,
      108432.0,
      102816.0078125,
      108000.0,
      108864.0,
      111888.0,
      120528.0,
      127008.0,
      131760.0,
      143424.0,
      144288.0,
      135216.0,
      107568.0,
      107136.0,
      103680.0,
      102816.0,
      95904.0,
      102816.0,
      131328.0,
      159408.0,
      118800.0,
      118368.0,
      127872.0,
      124848.0,
      124848.0,
      124848.0,
      125280.0,
      111456.0,
      78192.0,
      36288.0,
      34128.0,
      29808.0,
      15984.0,
      12096.005859375,
      11664.00390625,
      7344.0048828125,
      0.001953125,
      0.005859375,
      0.00390625,
      0.00390625,
      0.0078125
    ],
    "raw_data": [
      69.0,
      12.0,
      5.0,
      15.0,
      16.0,
      1.0,
      9.0,
      11.0,
      8.0,
      11.0,
      3.0,
      21.0,
      32.0,
      45.0,
      32.0,
      87.0,
      5.0,
      7.0,
      5.0,
      12.0,
      1.0,
      0.0,
      5.0,
      97.0,
      32.0,
      74.0,
      17.0,
      9.0,
      12.0,
      32.0,
      16.0,
      11.0,
      32.0,
      99.0,
      11.0,
      10.0,
      16.0,
      1.0,
      10.0,
      16.0,
      32.0,
      77.0,
      97.0,
      5.0,
      10.0,
      32.0,
      9.0,
      1.0,
      10.0,
      17.0,
      0.0,
      0.0,
      0.0,
      0.0,
      0.0,
      0.0,
      0.0,
      0.0,
      0.0,
      0.0,
      0.0,
      0.0,
      0.0,
      0.0
    ]
  }
}