{
  "aspects": {
    "knowledge": 2.0400000000000005,
    "connection": 0.6500000000000005,
    "expression": 1.0400000000000007,
    "growth": 0.1,
    "wisdom": 0.2,
    "creativity": 0.13,
    "sovereignty": 0.2
  },
  "history_count": 0
}