{
  "aspects": {
    "knowledge": 1.3300000000000007,
    "connection": 0.3700000000000002,
    "expression": 0.8400000000000006,
    "growth": 0.1,
    "wisdom": 0.2,
    "creativity": 0.13,
    "sovereignty": 0.2
  },
  "history_count": 0
}