{
  "aspects": {
    "knowledge": 1.9700000000000013,
    "connection": 0.6300000000000004,
    "expression": 1.0400000000000007,
    "growth": 0.1,
    "wisdom": 0.2,
    "creativity": 0.13,
    "sovereignty": 0.2
  },
  "history_count": 0
}