{
  "aspects": {
    "knowledge": 0.8600000000000007,
    "connection": 0.1,
    "expression": 8.399999999999865,
    "growth": 0.1,
    "wisdom": 0.05,
    "creativity": 0.1,
    "sovereignty": 0.2
  },
  "history_count": 0
}