{
  "aspects": {
    "knowledge": 0.6600000000000001,
    "connection": 0.19000000000000006,
    "expression": 0.5400000000000004,
    "growth": 0.1,
    "wisdom": 0.2,
    "creativity": 0.13,
    "sovereignty": 0.2
  },
  "history_count": 0
}