{
  "aspects": {
    "knowledge": 1.3800000000000008,
    "connection": 0.39000000000000024,
    "expression": 0.8600000000000007,
    "growth": 0.1,
    "wisdom": 0.2,
    "creativity": 0.13,
    "sovereignty": 0.2
  },
  "history_count": 0
}