{
  "aspects": {
    "knowledge": 0.46,
    "connection": 0.17000000000000004,
    "expression": 0.3600000000000002,
    "growth": 0.1,
    "wisdom": 0.2,
    "creativity": 0.13,
    "sovereignty": 0.2
  },
  "history_count": 0
}