{
  "aspects": {
    "knowledge": 0.2400000000000001,
    "connection": 0.1,
    "expression": 6.809999999999899,
    "growth": 0.1,
    "wisdom": 0.05,
    "creativity": 0.1,
    "sovereignty": 0.2
  },
  "history_count": 0
}