{
  "aspects": {
    "knowledge": 0.8100000000000006,
    "connection": 0.1,
    "expression": 8.17999999999987,
    "growth": 0.1,
    "wisdom": 0.05,
    "creativity": 0.1,
    "sovereignty": 0.2
  },
  "history_count": 0
}