{
  "aspects": {
    "knowledge": 1.8500000000000012,
    "connection": 0.5300000000000004,
    "expression": 1.0200000000000007,
    "growth": 0.1,
    "wisdom": 0.2,
    "creativity": 0.13,
    "sovereignty": 0.2
  },
  "history_count": 0
}