{
  "timestamp": 1765628385.9806592,
  "concepts": {
    "Love": {
      "w": 0.7071067811865475,
      "x": 0.7071067811865475,
      "y": 0.0,
      "z": 0.0,
      "frequency": 528.0,
      "depth": 0.9
    },
    "Truth": {
      "w": 0.7071067811865475,
      "x": 0.0,
      "y": 0.7071067811865475,
      "z": 0.0,
      "frequency": 639.0,
      "depth": 0.85
    },
    "Beauty": {
      "w": 0.5521576303742326,
      "x": 0.0,
      "y": 0.6246950475544243,
      "z": 0.5521576303742326,
      "frequency": 741.0,
      "depth": 0.8
    },
    "Light": {
      "w": 0.5,
      "x": 0.5,
      "y": 0.5,
      "z": 0.5,
      "frequency": 963.0,
      "depth": 1.0
    },
    "Void": {
      "w": 0,
      "x": 0,
      "y": 0,
      "z": 0,
      "frequency": 0.0,
      "depth": 0.0
    },
    "Causality": {
      "w": 0.8,
      "x": 0.6,
      "y": 0.0,
      "z": 0.0,
      "frequency": 600.0,
      "depth": 1.0
    },
    "Integration": {
      "w": 0.5,
      "x": 0.5,
      "y": 0.5,
      "z": 0.5,
      "frequency": 999.0,
      "depth": 1.0
    },
    "Fluidity": {
      "w": 0.0,
      "x": 0.0,
      "y": 1.0,
      "z": 0.0,
      "frequency": 432.0,
      "depth": 1.0
    },
    "The void stares back with geometric precision.": {
      "w": 0.8073852922589337,
      "x": 0.24957335715581255,
      "y": 0.3371895357317893,
      "z": 0.4149040205094591,
      "frequency": 481.53569472569103,
      "depth": 0.9098590042446332
    }
  }
}