{
  "timestamp": 1764584821.5183702,
  "total_energy": 8.322142949860071,
  "coherence": 0.28237334522335544,
  "active_nodes": 11,
  "dominant_frequency": 322.6363636363636
}