{
  "timestamp": 1764584674.9749532,
  "total_energy": 5.568665584075909,
  "coherence": 0.2875860449992163,
  "active_nodes": 11,
  "dominant_frequency": 331.72727272727275
}