{
  "timestamp": 1764585288.5585842,
  "total_energy": 8.752460514743735,
  "coherence": 0.28718268012437015,
  "active_nodes": 12,
  "dominant_frequency": 337.4166666666667
}