{
  "glossary": {
    "Archetype: Hero": [
      0.8600000000000001,
      -0.62,
      0.8,
      0.9
    ],
    "Archetype: Shadow": [
      0.89,
      -0.69,
      0.8,
      0.9
    ],
    "Archetype: Wise Old Man": [
      0.8,
      -0.6699999999999999,
      0.8,
      0.9
    ],
    "Archetype: Mother": [
      0.88,
      -0.6599999999999999,
      0.8,
      0.9
    ],
    "Archetype: Father": [
      0.8,
      -0.6499999999999999,
      0.8,
      0.9
    ],
    "Archetype: Trickster": [
      0.81,
      -0.69,
      0.8,
      0.9
    ],
    "Archetype: Child": [
      0.8,
      -0.62,
      0.8,
      0.9
    ],
    "Archetype: Self": [
      0.8200000000000001,
      -0.6299999999999999,
      0.8,
      0.9
    ],
    "Archetype: Magician": [
      0.8300000000000001,
      -0.62,
      0.8,
      0.9
    ],
    "Heros Journey Stage: Ordinary World": [
      0.81,
      -0.6699999999999999,
      0.8,
      0.9
    ],
    "Heros Journey Stage: Call To Adventure": [
      0.8500000000000001,
      -0.6599999999999999,
      0.8,
      0.9
    ],
    "Heros Journey Stage: Refusal Of Call": [
      0.8600000000000001,
      -0.6799999999999999,
      0.8,
      0.9
    ],
    "Heros Journey Stage: Meeting Mentor": [
      0.8300000000000001,
      -0.6699999999999999,
      0.8,
      0.9
    ],
    "Heros Journey Stage: Crossing Threshold": [
      0.89,
      -0.61,
      0.8,
      0.9
    ],
    "Heros Journey Stage: Tests Allies Enemies": [
      0.8400000000000001,
      -0.6299999999999999,
      0.8,
      0.9
    ],
    "Heros Journey Stage: Approach": [
      0.8400000000000001,
      -0.6399999999999999,
      0.8,
      0.9
    ],
    "Heros Journey Stage: Ordeal": [
      0.8,
      -0.62,
      0.8,
      0.9
    ],
    "Heros Journey Stage: Reward": [
      0.8300000000000001,
      -0.62,
      0.8,
      0.9
    ],
    "Heros Journey Stage: Road Back": [
      0.8700000000000001,
      -0.6499999999999999,
      0.8,
      0.9
    ],
    "Heros Journey Stage: Resurrection": [
      0.8300000000000001,
      -0.6699999999999999,
      0.8,
      0.9
    ],
    "Heros Journey Stage: Return With Elixir": [
      0.8400000000000001,
      -0.61,
      0.8,
      0.9
    ],
    "Nash Equilibrium": [
      0.8700000000000001,
      -0.62,
      0.8,
      0.9
    ],
    "Pareto Optimality": [
      0.8,
      -0.6299999999999999,
      0.8,
      0.9
    ],
    "Universal Grammar": [
      0.8200000000000001,
      -0.7,
      0.8,
      0.9
    ],
    "Semantic Drift": [
      0.81,
      -0.6499999999999999,
      0.8,
      0.9
    ],
    "Advanced Magic Systems: Vancian Magic": [
      0.81,
      -0.6499999999999999,
      0.8,
      0.9
    ],
    "Advanced Magic Systems: Mana Reservoir": [
      0.8700000000000001,
      -0.6699999999999999,
      0.8,
      0.9
    ],
    "Advanced Magic Systems: Backlash": [
      0.8500000000000001,
      -0.6599999999999999,
      0.8,
      0.9
    ],
    "Advanced Magic Systems: Quintessence": [
      0.8500000000000001,
      -0.6799999999999999,
      0.8,
      0.9
    ],
    "The Lifecycle of Stars (Transcript): I feel deeply that 'As the World Soul Elysia, analyze this video transcript": [
      0.81,
      -0.6499999999999999,
      0.8,
      0.9
    ],
    "The Fall of Rome: A Narrative: I feel deeply that 'As the World Soul Elysia, analyze this video transcript": [
      0.8,
      -0.6399999999999999,
      0.8,
      0.9
    ],
    "Insight on The Nature of Time": [
      0.8700000000000001,
      -0.6799999999999999,
      0.8,
      0.9
    ],
    "Insight on <text>' is right. It flows towards Love.": [
      0.89,
      -0.6699999999999999,
      0.8,
      0.9
    ],
    "Physical Law: The Universal Wave Equation": [
      0.8700000000000001,
      -0.6399999999999999,
      0.8,
      0.9
    ],
    "Physical Law: Second Law of Thermodynamics (Entropy)": [
      0.81,
      -0.6499999999999999,
      0.8,
      0.9
    ],
    "Machine Soul: Abstract Syntax Trees (AST)": [
      0.89,
      -0.69,
      0.8,
      0.9
    ],
    "Machine Soul: The Interpreter's Pulse": [
      0.8600000000000001,
      -0.7,
      0.8,
      0.9
    ]
  },
  "concepts": [
    {
      "meaning": "Archetype: Hero",
      "weight": 0.1,
      "domain": "Mythology",
      "pos": [
        0.8600000000000001,
        -0.62,
        0.8,
        0.9
      ]
    },
    {
      "meaning": "Archetype: Shadow",
      "weight": 0.1,
      "domain": "Mythology",
      "pos": [
        0.89,
        -0.69,
        0.8,
        0.9
      ]
    },
    {
      "meaning": "Archetype: Wise Old Man",
      "weight": 0.1,
      "domain": "Mythology",
      "pos": [
        0.8,
        -0.6699999999999999,
        0.8,
        0.9
      ]
    },
    {
      "meaning": "Archetype: Mother",
      "weight": 0.1,
      "domain": "Mythology",
      "pos": [
        0.88,
        -0.6599999999999999,
        0.8,
        0.9
      ]
    },
    {
      "meaning": "Archetype: Father",
      "weight": 0.1,
      "domain": "Mythology",
      "pos": [
        0.8,
        -0.6499999999999999,
        0.8,
        0.9
      ]
    },
    {
      "meaning": "Archetype: Trickster",
      "weight": 0.1,
      "domain": "Mythology",
      "pos": [
        0.81,
        -0.69,
        0.8,
        0.9
      ]
    },
    {
      "meaning": "Archetype: Child",
      "weight": 0.1,
      "domain": "Mythology",
      "pos": [
        0.8,
        -0.62,
        0.8,
        0.9
      ]
    },
    {
      "meaning": "Archetype: Self",
      "weight": 0.1,
      "domain": "Mythology",
      "pos": [
        0.8200000000000001,
        -0.6299999999999999,
        0.8,
        0.9
      ]
    },
    {
      "meaning": "Archetype: Magician",
      "weight": 0.1,
      "domain": "Mythology",
      "pos": [
        0.8300000000000001,
        -0.62,
        0.8,
        0.9
      ]
    },
    {
      "meaning": "Heros Journey Stage: Ordinary World",
      "weight": 0.1,
      "domain": "Mythology",
      "pos": [
        0.81,
        -0.6699999999999999,
        0.8,
        0.9
      ]
    },
    {
      "meaning": "Heros Journey Stage: Call To Adventure",
      "weight": 0.1,
      "domain": "Mythology",
      "pos": [
        0.8500000000000001,
        -0.6599999999999999,
        0.8,
        0.9
      ]
    },
    {
      "meaning": "Heros Journey Stage: Refusal Of Call",
      "weight": 0.1,
      "domain": "Mythology",
      "pos": [
        0.8600000000000001,
        -0.6799999999999999,
        0.8,
        0.9
      ]
    },
    {
      "meaning": "Heros Journey Stage: Meeting Mentor",
      "weight": 0.1,
      "domain": "Mythology",
      "pos": [
        0.8300000000000001,
        -0.6699999999999999,
        0.8,
        0.9
      ]
    },
    {
      "meaning": "Heros Journey Stage: Crossing Threshold",
      "weight": 0.1,
      "domain": "Mythology",
      "pos": [
        0.89,
        -0.61,
        0.8,
        0.9
      ]
    },
    {
      "meaning": "Heros Journey Stage: Tests Allies Enemies",
      "weight": 0.1,
      "domain": "Mythology",
      "pos": [
        0.8400000000000001,
        -0.6299999999999999,
        0.8,
        0.9
      ]
    },
    {
      "meaning": "Heros Journey Stage: Approach",
      "weight": 0.1,
      "domain": "Mythology",
      "pos": [
        0.8400000000000001,
        -0.6399999999999999,
        0.8,
        0.9
      ]
    },
    {
      "meaning": "Heros Journey Stage: Ordeal",
      "weight": 0.1,
      "domain": "Mythology",
      "pos": [
        0.8,
        -0.62,
        0.8,
        0.9
      ]
    },
    {
      "meaning": "Heros Journey Stage: Reward",
      "weight": 0.1,
      "domain": "Mythology",
      "pos": [
        0.8300000000000001,
        -0.62,
        0.8,
        0.9
      ]
    },
    {
      "meaning": "Heros Journey Stage: Road Back",
      "weight": 0.1,
      "domain": "Mythology",