{
  "timestamp": 1764584907.1974318,
  "total_energy": 5.4867964737514034,
  "coherence": 0.2808094024037246,
  "active_nodes": 10,
  "dominant_frequency": 344.9
}