{
    "spatial_field_throughput": [
        {
            "stream_volume": 1000,
            "dimensions": 8,
            "time_ms": 85.61585500001456,
            "memory_added_mb": 0.125
        },
        {
            "stream_volume": 10000,
            "dimensions": 8,
            "time_ms": 91.69022800006132,
            "memory_added_mb": 0.125
        },
        {
            "stream_volume": 100000,
            "dimensions": 8,
            "time_ms": 91.11510200000339,
            "memory_added_mb": 0.125
        }
    ]
}