{
  "model": "qwen2.5:0.5b",
  "physical_layer": {
    "blob_path": "C:\\Users\\USER/.ollama/models\\blobs\\sha256-c5396e06af294bd101b30dce59131a76d2b773e76950acc870eda801d3ab0515",
    "artifacts_found": 1,
    "status": "Accessible"
  },
  "semantic_layer": {
    "concepts_mapped": 8,
    "topology": {
      "Love": [
        56.979158579415525,
        56.54738915849521,
        54.117668771068566,
        57.20553773720894,
        49.2941166786477,
        56.78346227708971,
        56.6078404081054
      ],
      "Void": [
        57.759206731279846,
        53.52098175892024,
        48.16444750060327,
        54.586168797759456,
        41.44667743006721,
        55.82056450766686,
        57.12475900625577
      ],
      "System": [
        56.037402079673484,
        58.65613386069526,
        49.39667558253859,
        57.98102128828759,
        44.91864479612559,
        57.930127452127635,
        57.65814459111425
      ],
      "Chaos": [
        48.39072045047942,
        42.08806016944436,
        45.46751684611081,
        46.659843378556616,
        46.86969994392712,
        61.93541599539458,
        48.391777847464255
      ],
      "Order": [
        56.47787841327954,
        58.8418199546868,
        53.32785983933718,
        60.992895798481186,
        42.8519653971307,
        58.04616509733023,
        55.745238475938095
      ],
      "Freedom": [
        56.77614113839809,
        55.20954945473932,
        53.6721637293158,
        57.79626655676111,
        48.088738192018354,
        58.82781549007632,
        57.97096658647206
      ],
      "Control": [
        58.687238290003734,
        57.580473674461246,
        51.48937121761264,
        58.08578265510732,
        46.96117716637673,
        56.178218194691,
        60.487520354799926
      ],
      "Elysia": [
        64.28640206111595,
        54.13418405718403,
        52.818937342126446,
        56.456495603160874,
        53.84994361222198,
        53.85712182964198,
        56.537658025627024
      ]
    },
    "love_system_distance": 109.96296860638209
  }
}