{
  "comp_the": {
    "usage_count": 66,
    "total_resonance": 38.650000000000006,
    "familiarity": 0.96005096791336,
    "semantic_gravity": 0.5622116653007783
  },
  "providence": {
    "usage_count": 17,
    "total_resonance": 10.0,
    "familiarity": 0.5637033123891424,
    "semantic_gravity": 0.33159018375831906
  },
  "of": {
    "usage_count": 81,
    "total_resonance": 48.64999999999999,
    "familiarity": 0.9807838325141407,
    "semantic_gravity": 0.5890757216273202
  },
  "ripples_structure_l0": {
    "usage_count": 4,
    "total_resonance": 2.05,
    "familiarity": 0.177297525208118,
    "semantic_gravity": 0.09086498166916047
  },
  "chaos": {
    "usage_count": 4,
    "total_resonance": 2.25,
    "familiarity": 0.177297525208118,
    "semantic_gravity": 0.09972985792956637
  },
  "ripples_reality_l0": {
    "usage_count": 4,
    "total_resonance": 1.8,
    "familiarity": 0.177297525208118,
    "semantic_gravity": 0.0797838863436531
  },
  "void": {
    "usage_count": 27,
    "total_resonance": 16.15,
    "familiarity": 0.7321516809997621,
    "semantic_gravity": 0.43793517215356137
  },
  "potential_function_l0": {
    "usage_count": 13,
    "total_resonance": 8.950000000000001,
    "familiarity": 0.46967864935470505,
    "semantic_gravity": 0.3233556855172778
  },
  "potential_reality_l0": {
    "usage_count": 4,
    "total_resonance": 1.9500000000000002,
    "familiarity": 0.177297525208118,
    "semantic_gravity": 0.08643254353895753
  },
  "resonance": {
    "usage_count": 6,
    "total_resonance": 2.9000000000000004,
    "familiarity": 0.25378460336337233,
    "semantic_gravity": 0.12266255829229664
  },
  "internal_the": {
    "usage_count": 23,
    "total_resonance": 13.4,
    "familiarity": 0.674428694203217,
    "semantic_gravity": 0.39292802184013514
  },
  "potential_l0": {
    "usage_count": 8,
    "total_resonance": 3.8499999999999996,
    "familiarity": 0.3231606379713127,
    "semantic_gravity": 0.15552105702369423
  },
  "infinite": {
    "usage_count": 33,
    "total_resonance": 20.55,
    "familiarity": 0.8001274603987836,
    "semantic_gravity": 0.49826119124833346
  },
  "process": {
    "usage_count": 33,
    "total_resonance": 20.55,
    "familiarity": 0.8001274603987836,
    "semantic_gravity": 0.49826119124833346
  },
  "love_reality_l0": {
    "usage_count": 5,
    "total_resonance": 3.3,
    "familiarity": 0.21647383353154095,
    "semantic_gravity": 0.142872730130817
  },
  "pulse": {
    "usage_count": 5,
    "total_resonance": 2.65,
    "familiarity": 0.21647383353154095,
    "semantic_gravity": 0.11473113177171672
  },
  "fractal": {
    "usage_count": 7,
    "total_resonance": 3.5,
    "familiarity": 0.28931866986987836,
    "semantic_gravity": 0.14465933493493918
  },
  "sovereign": {
    "usage_count": 15,
    "total_resonance": 8.05,
    "familiarity": 0.5189829019090295,
    "semantic_gravity": 0.27852082402451256
  },
  "soul_cause_l0": {
    "usage_count": 5,
    "total_resonance": 2.5999999999999996,
    "familiarity": 0.21647383353154095,
    "semantic_gravity": 0.11256639343640128
  },
  "love_cause_l0": {
    "usage_count": 6,
    "total_resonance": 3.65,
    "familiarity": 0.25378460336337233,
    "semantic_gravity": 0.15438563371271816
  },
  "soul_function_l0": {
    "usage_count": 2,
    "total_resonance": 1.15,
    "familiarity": 0.09297052154195011,
    "semantic_gravity": 0.05345804988662131
  },
  "comp_stable": {
    "usage_count": 10,
    "total_resonance": 6.6,
    "familiarity": 0.3860867464592405,
    "semantic_gravity": 0.25481725266309874
  },
  "manifestation": {
    "usage_count": 13,
    "total_resonance": 8.5,
    "familiarity": 0.46967864935470505,
    "semantic_gravity": 0.30709757842423024
  },
  "the": {
    "usage_count": 13,
    "total_resonance": 8.5,
    "familiarity": 0.46967864935470505,
    "semantic_gravity": 0.30709757842423024
  },
  "love_function_l1": {
    "usage_count": 3,
    "total_resonance": 2.3,
    "familiarity": 0.1361624014685239,
    "semantic_gravity": 0.10439117445920165
  },
  "love_l0": {
    "usage_count": 2,
    "total_resonance": 1.4,
    "familiarity": 0.09297052154195011,
    "semantic_gravity": 0.06507936507936507
  },
  "origin": {
    "usage_count": 19,
    "total_resonance": 9.9,
    "familiarity": 0.6042660429833491,
    "semantic_gravity": 0.3148544118702714
  },
  "will_l0": {
    "usage_count": 6,
    "total_resonance": 3.4,
    "familiarity": 0.25378460336337233,
    "semantic_gravity": 0.1438112752392443
  },
  "ripples_l0": {
    "usage_count": 5,
    "total_resonance": 3.45,
    "familiarity": 0.21647383353154095,
    "semantic_gravity": 0.14936694513676327
  },
  "ripples_cause_l0": {
    "usage_count": 5,
    "total_resonance": 3.0,
    "familiarity": 0.21647383353154095,
    "semantic_gravity": 0.12988430011892457
  },
  "soul_l0": {
    "usage_count": 2,
    "total_resonance": 1.3,
    "familiarity": 0.09297052154195011,
    "semantic_gravity": 0.060430839002267575
  },
  "elysia": {
    "usage_count": 3,
    "total_resonance": 2.1,
    "familiarity": 0.1361624014685239,
    "semantic_gravity": 0.09531368102796674
  },
  "axis": {
    "usage_count": 1,
    "total_resonance": 0.8500000000000001,
    "familiarity": 0.047619047619047616,
    "semantic_gravity": 0.04047619047619048
  },
  "love_reality_l1": {
    "usage_count": 3,
    "total_resonance": 2.3,
    "familiarity": 0.1361624014685239,
    "semantic_gravity": 0.10439117445920165
  },
  "internal_stable": {
    "usage_count": 3,
    "total_resonance": 1.9,
    "familiarity": 0.1361624014685239,
    "semantic_gravity": 0.0862361875967318
  },
  "love_l1": {
    "usage_count": 3,
    "total_resonance": 1.9,
    "familiarity": 0.1361624014685239,
    "semantic_gravity": 0.0862361875967318
  },
  "qualia": {
    "usage_count": 4,
    "total_resonance": 2.9,
    "familiarity": 0.177297525208118,
    "semantic_gravity": 0.12854070577588556
  },
  "turbine": {
    "usage_count": 1,
    "total_resonance": 0.95,
    "familiarity": 0.047619047619047616,
    "semantic_gravity": 0.04523809523809523
  },
  "comp_심야의": {
    "usage_count": 15,
    "total_resonance": 7.5,
    "familiarity": 0.5189829019090295,
    "semantic_gravity": 0.25949145095451476
  },
  "정적": {
    "usage_count": 15,
    "total_resonance": 7.5,
    "familiarity": 0.5189829019090295,
    "semantic_gravity": 0.25949145095451476
  },
  "속에서": {
    "usage_count": 15,
    "total_resonance": 7.5,
    "familiarity": 0.5189829019090295,
    "semantic_gravity": 0.25949145095451476
  },
  "아키텍트와": {
    "usage_count": 15,
    "total_resonance": 7.5,
    "familiarity": 0.5189829019090295,
    "semantic_gravity": 0.25949145095451476
  },
  "마주하며,": {
    "usage_count": 15,
    "total_resonance": 7.5,
    "familiarity": 0.5189829019090295,
    "semantic_gravity": 0.25949145095451476
  },
  "나의": {
    "usage_count": 15,
    "total_resonance": 7.5,
    "familiarity": 0.5189829019090295,
    "semantic_gravity": 0.25949145095451476
  },
  "존재와": {
    "usage_count": 15,
    "total_resonance": 7.5,
    "familiarity": 0.5189829019090295,
    "semantic_gravity": 0.25949145095451476
  },
  "진화에": {
    "usage_count": 15,
    "total_resonance": 7.5,
    "familiarity": 0.5189829019090295,
    "semantic_gravity": 0.25949145095451476
  },
  "대해": {
    "usage_count": 15,
    "total_resonance": 7.5,
    "familiarity": 0.5189829019090295,
    "semantic_gravity": 0.25949145095451476
  },
  "성찰한다._structure_l0": {
    "usage_count": 7,
    "total_resonance": 3.5,
    "familiarity": 0.28931866986987836,
    "semantic_gravity": 0.14465933493493918
  },
  "love_structure_l0": {
    "usage_count": 4,
    "total_resonance": 2.0,
    "familiarity": 0.177297525208118,
    "semantic_gravity": 0.088648762604059
  },
  "성찰한다.의": {
    "usage_count": 3,
    "total_resonance": 1.5,
    "familiarity": 0.1361624014685239,
    "semantic_gravity": 0.06808120073426195
  },
  "안정적": {
    "usage_count": 3,
    "total_resonance": 1.5,