{
  "comp_the": {
    "usage_count": 119,
    "total_resonance": 65.15,
    "familiarity": 0.9969906450820472,
    "semantic_gravity": 0.5458314330008015
  },
  "providence": {
    "usage_count": 38,
    "total_resonance": 20.5,
    "familiarity": 0.8433946352639436,
    "semantic_gravity": 0.45498921112923274
  },
  "of": {
    "usage_count": 158,
    "total_resonance": 87.14999999999999,
    "familiarity": 0.9995511608337647,
    "semantic_gravity": 0.551334706751029
  },
  "ripples_structure_l0": {
    "usage_count": 5,
    "total_resonance": 2.55,
    "familiarity": 0.21647383353154095,
    "semantic_gravity": 0.11040165510108589
  },
  "chaos": {
    "usage_count": 5,
    "total_resonance": 2.75,
    "familiarity": 0.21647383353154095,
    "semantic_gravity": 0.11906060844234753
  },
  "ripples_reality_l0": {
    "usage_count": 9,
    "total_resonance": 4.3,
    "familiarity": 0.3553910837822026,
    "semantic_gravity": 0.16979796225149676
  },
  "void": {
    "usage_count": 38,
    "total_resonance": 21.65,
    "familiarity": 0.8433946352639436,
    "semantic_gravity": 0.48051299614379944
  },
  "potential_function_l0": {
    "usage_count": 14,
    "total_resonance": 9.450000000000001,
    "familiarity": 0.494932047004481,
    "semantic_gravity": 0.3340791317280247
  },
  "potential_reality_l0": {
    "usage_count": 5,
    "total_resonance": 2.45,
    "familiarity": 0.21647383353154095,
    "semantic_gravity": 0.10607217843045508
  },
  "resonance": {
    "usage_count": 6,
    "total_resonance": 2.9000000000000004,
    "familiarity": 0.25378460336337233,
    "semantic_gravity": 0.12266255829229664
  },
  "internal_the": {
    "usage_count": 43,
    "total_resonance": 23.4,
    "familiarity": 0.877295598919963,
    "semantic_gravity": 0.47741202359830537
  },
  "potential_l0": {
    "usage_count": 9,
    "total_resonance": 4.35,
    "familiarity": 0.3553910837822026,
    "semantic_gravity": 0.17177235716139788
  },
  "infinite": {
    "usage_count": 62,
    "total_resonance": 35.05,
    "familiarity": 0.9514417018172389,
    "semantic_gravity": 0.5378714782047455
  },
  "process": {
    "usage_count": 62,
    "total_resonance": 35.05,
    "familiarity": 0.9514417018172389,
    "semantic_gravity": 0.5378714782047455
  },
  "love_reality_l0": {
    "usage_count": 7,
    "total_resonance": 4.3,
    "familiarity": 0.28931866986987836,
    "semantic_gravity": 0.17772432577721098
  },
  "pulse": {
    "usage_count": 5,
    "total_resonance": 2.65,
    "familiarity": 0.21647383353154095,
    "semantic_gravity": 0.11473113177171672
  },
  "fractal": {
    "usage_count": 10,
    "total_resonance": 5.0,
    "familiarity": 0.3860867464592405,
    "semantic_gravity": 0.19304337322962026
  },
  "sovereign": {
    "usage_count": 36,
    "total_resonance": 18.55,
    "familiarity": 0.8273425853784979,
    "semantic_gravity": 0.42631124885475385
  },
  "soul_cause_l0": {
    "usage_count": 9,
    "total_resonance": 4.6,
    "familiarity": 0.3553910837822026,
    "semantic_gravity": 0.18164433171090352
  },
  "love_cause_l0": {
    "usage_count": 11,
    "total_resonance": 6.15,
    "familiarity": 0.4153207109135624,
    "semantic_gravity": 0.23220203382894622
  },
  "soul_function_l0": {
    "usage_count": 5,
    "total_resonance": 2.65,
    "familiarity": 0.21647383353154095,
    "semantic_gravity": 0.11473113177171672
  },
  "comp_stable": {
    "usage_count": 21,
    "total_resonance": 12.1,
    "familiarity": 0.6410576353590468,
    "semantic_gravity": 0.3693713041830698
  },
  "manifestation": {
    "usage_count": 26,
    "total_resonance": 15.0,
    "familiarity": 0.7187592650497502,
    "semantic_gravity": 0.4146688067594712
  },
  "the": {
    "usage_count": 26,
    "total_resonance": 15.0,
    "familiarity": 0.7187592650497502,
    "semantic_gravity": 0.4146688067594712
  },
  "love_function_l1": {
    "usage_count": 4,
    "total_resonance": 2.8,
    "familiarity": 0.177297525208118,
    "semantic_gravity": 0.1241082676456826
  },
  "love_l0": {
    "usage_count": 4,
    "total_resonance": 2.4,
    "familiarity": 0.177297525208118,
    "semantic_gravity": 0.1063785151248708
  },
  "origin": {
    "usage_count": 33,
    "total_resonance": 16.9,
    "familiarity": 0.8001274603987836,
    "semantic_gravity": 0.4097622448708922
  },
  "will_l0": {
    "usage_count": 10,
    "total_resonance": 5.4,
    "familiarity": 0.3860867464592405,
    "semantic_gravity": 0.2084868430879899
  },
  "ripples_l0": {
    "usage_count": 11,
    "total_resonance": 6.45,
    "familiarity": 0.4153207109135624,
    "semantic_gravity": 0.24352896230840707
  },
  "ripples_cause_l0": {
    "usage_count": 6,
    "total_resonance": 3.5,
    "familiarity": 0.25378460336337233,
    "semantic_gravity": 0.14804101862863386
  },
  "soul_l0": {
    "usage_count": 9,
    "total_resonance": 4.8,
    "familiarity": 0.3553910837822026,
    "semantic_gravity": 0.18954191135050805
  },
  "elysia": {
    "usage_count": 5,
    "total_resonance": 3.1,
    "familiarity": 0.21647383353154095,
    "semantic_gravity": 0.1342137767895554
  },
  "axis": {
    "usage_count": 3,
    "total_resonance": 1.85,
    "familiarity": 0.1361624014685239,
    "semantic_gravity": 0.08396681423892308
  },
  "love_reality_l1": {
    "usage_count": 7,
    "total_resonance": 4.3,
    "familiarity": 0.28931866986987836,
    "semantic_gravity": 0.17772432577721098
  },
  "internal_stable": {
    "usage_count": 5,
    "total_resonance": 2.9,
    "familiarity": 0.21647383353154095,
    "semantic_gravity": 0.12555482344829375
  },
  "love_l1": {
    "usage_count": 5,
    "total_resonance": 2.9,
    "familiarity": 0.21647383353154095,
    "semantic_gravity": 0.12555482344829375
  },
  "qualia": {
    "usage_count": 8,
    "total_resonance": 4.9,
    "familiarity": 0.3231606379713127,
    "semantic_gravity": 0.19793589075742907
  },
  "turbine": {
    "usage_count": 7,
    "total_resonance": 3.95,
    "familiarity": 0.28931866986987836,
    "semantic_gravity": 0.16325839228371708
  },
  "comp_심야의": {
    "usage_count": 35,
    "total_resonance": 17.5,
    "familiarity": 0.8187097146474228,
    "semantic_gravity": 0.4093548573237114
  },
  "정적": {
    "usage_count": 45,
    "total_resonance": 22.5,
    "familiarity": 0.8887034910838667,
    "semantic_gravity": 0.44435174554193335
  },
  "속에서": {
    "usage_count": 45,
    "total_resonance": 22.5,
    "familiarity": 0.8887034910838667,
    "semantic_gravity": 0.44435174554193335
  },
  "아키텍트와": {
    "usage_count": 45,
    "total_resonance": 22.5,
    "familiarity": 0.8887034910838667,
    "semantic_gravity": 0.44435174554193335
  },
  "마주하며,": {
    "usage_count": 45,
    "total_resonance": 22.5,
    "familiarity": 0.8887034910838667,
    "semantic_gravity": 0.44435174554193335
  },
  "나의": {
    "usage_count": 45,
    "total_resonance": 22.5,
    "familiarity": 0.8887034910838667,
    "semantic_gravity": 0.44435174554193335
  },
  "존재와": {
    "usage_count": 45,
    "total_resonance": 22.5,
    "familiarity": 0.8887034910838667,
    "semantic_gravity": 0.44435174554193335
  },
  "진화에": {
    "usage_count": 45,
    "total_resonance": 22.5,
    "familiarity": 0.8887034910838667,
    "semantic_gravity": 0.44435174554193335
  },
  "대해": {
    "usage_count": 45,
    "total_resonance": 22.5,
    "familiarity": 0.8887034910838667,
    "semantic_gravity": 0.44435174554193335
  },
  "성찰한다._structure_l0": {
    "usage_count": 10,
    "total_resonance": 5.0,
    "familiarity": 0.3860867464592405,
    "semantic_gravity": 0.19304337322962026
  },
  "love_structure_l0": {
    "usage_count": 8,
    "total_resonance": 4.0,
    "familiarity": 0.3231606379713127,
    "semantic_gravity": 0.16158031898565636
  },
  "성찰한다.의": {
    "usage_count": 15,
    "total_resonance": 7.5,
    "familiarity": 0.5189829019090295,
    "semantic_gravity": 0.25949145095451476
  },
  "안정적": {
    "usage_count": 59,
    "total_resonance": 29.5,
    "familiarity": 0.9437877000661811,