{
  "timestamp": 1764851181.801264,
  "image_id": "fusion_test_1",
  "width": 1920,
  "height": 1080,
  "objects": [],
  "scene": {
    "primary_scene": "indoor office",
    "mood": "neutral",
    "lighting": "natural",
    "complexity": 0.0,
    "dominant_colors": [
      "blue",
      "green",
      "white"
    ]
  },
  "features": {
    "edges": 0.6546220989281375,
    "texture": 0.4302654126938524,
    "symmetry": 0.2214583601771845,
    "blur": 0.17025121350155997,
    "brightness": 0.7621612735402827,
    "contrast": 0.8676003406019106
  },
  "processing_time": 1.2159347534179688e-05,
  "confidence": 0.5
}