{
  "timestamp": "2026-01-27T20:18:05.271116",
  "tag": "heartbeat",
  "vector": {
    "lust": 0.05300000000000001,
    "gluttony": 0.0,
    "greed": 0.0,
    "sloth": 0.0,
    "wrath": 0.0,
    "envy": 0.0,
    "pride": 0.0,
    "perception": 1.8,
    "memory": 1.6,
    "reason": 0.0,
    "will": 0.0,
    "imagination": 0.0,
    "intuition": 0.0,
    "consciousness": 0.0,
    "chastity": 0.0,
    "temperance": 0.0,
    "charity": 0.0,
    "diligence": 0.0,
    "patience": 3.999999999999994,
    "kindness": 0.0,
    "humility": 1.6530000000000011
  }
}