{"timestamp": 1769589979.0350387, "somatic": [0.0, 0.0, 0.0, 0.0, 0.0, 0.0, 0.0], "psychic": [1.1185015439987183, -1.9600636959075928, 1.568896770477295, -0.9723368287086487, -7.692605018615723, 0.8140643835067749, 4.630587577819824], "spiritual": [1.4236425161361694, -2.494793176651001, 1.9969112873077393, -1.2376028299331665, -9.791238784790039, 1.03615140914917, 5.893868923187256], "north_star": "GLORY"}