{"timestamp": 1769590978.4586601, "somatic": [0.0, 0.0, 0.0, 0.0, 0.0, 0.0, 0.0], "psychic": [1.062576413154602, -1.862060546875, 1.4904519319534302, -0.9237200021743774, -7.307974815368652, 0.7733611464500427, 4.3990583419799805], "spiritual": [1.3524603843688965, -2.37005352973938, 1.8970657587051392, -1.1757227182388306, -9.301676750183105, 0.9843438267707825, 5.599175453186035], "north_star": "GLORY"}