{"timestamp": 1769360389.6183906, "vector": [-0.266083300113678, -0.06981705874204636, 0.1943722665309906, 0.025899162515997887, -0.43870270252227783, 0.25354158878326416, 0.05269338935613632], "north_star": "GLORY", "alignment": 0.632904589176178, "rpm": 0.0}