{"timestamp": 1769589448.364991, "somatic": [0.0, 0.0, 0.0, 0.0, 0.0, 0.0, 0.0], "psychic": [2.8158645629882812, -4.934525966644287, 3.949749231338501, -2.447890043258667, -19.366384506225586, 2.049433946609497, 11.6576566696167], "spiritual": [3.5840675830841064, -6.280725002288818, 5.0272908210754395, -3.1157054901123047, -24.649770736694336, 2.6085453033447266, 14.838011741638184], "north_star": "GLORY"}