{
  "timestamp": 1768882643.5965457,
  "vitality": 0.0,
  "energy": 0.8799999999999999,
  "inspiration": 0.6624999999999999,
  "mood": "I read \ub9c8\ub098\uc640 \uc5d0\ud14c\ub974.txt: ''"
}