{
  "timestamp": "2026-01-26T19:27:52.788119",
  "tag": "heartbeat",
  "vector": {
    "lust": 0.05300000000000001,
    "gluttony": 0.0,
    "greed": 0.0,
    "sloth": 0.0,
    "wrath": 0.0,
    "envy": 0.0,
    "pride": 0.0,
    "perception": 1.8,
    "memory": 1.6,
    "reason": 0.0,
    "will": 0.0,
    "imagination": 0.0,
    "intuition": 0.0,
    "consciousness": 0.0,
    "chastity": 0.0,
    "temperance": 0.0,
    "charity": 0.0,
    "diligence": 0.0,
    "patience": 1.5000000000000007,
    "kindness": 0.0,
    "humility": 0.6530000000000002
  }
}