{"timestamp": 1769361493.0280247, "vector": [-0.2829506993293762, -0.02846338599920273, -0.07804957777261734, 0.22865597903728485, -0.6360840201377869, 0.06820089370012283, 0.1667095124721527], "north_star": "GLORY", "alignment": 0.6807977557182312, "rpm": 0.0}