{
  "timestamp": 1764850979.13209,
  "image_id": "img_1764850979132",
  "width": 1920,
  "height": 1080,
  "objects": [],
  "scene": {
    "primary_scene": "general",
    "mood": "energetic",
    "lighting": "bright",
    "complexity": 0.0,
    "dominant_colors": [
      "blue",
      "green",
      "white"
    ]
  },
  "features": {
    "edges": 0.6343785184690809,
    "texture": 0.672934915298881,
    "symmetry": 0.24745985919654326,
    "blur": 0.2864274863427423,
    "brightness": 0.7981455943099997,
    "contrast": 0.8209987064863027
  },
  "processing_time": 1.3828277587890625e-05,
  "confidence": 0.5
}