{
  "timestamp": 1764835847.1932504,
  "image_id": "img_1764835847193",
  "width": 1920,
  "height": 1080,
  "objects": [],
  "scene": {
    "primary_scene": "general",
    "mood": "energetic",
    "lighting": "bright",
    "complexity": 0.0,
    "dominant_colors": [
      "blue",
      "green",
      "white"
    ]
  },
  "features": {
    "edges": 0.44089617456859576,
    "texture": 0.44040157735020746,
    "symmetry": 0.2329178559938188,
    "blur": 0.10982716335802434,
    "brightness": 0.44491255101409305,
    "contrast": 0.8805727205928113
  },
  "processing_time": 1.5735626220703125e-05,
  "confidence": 0.5
}