{
  "timestamp": 1764851181.8141565,
  "image_id": "perf_test_2",
  "width": 1920,
  "height": 1080,
  "objects": [],
  "scene": {
    "primary_scene": "general",
    "mood": "neutral",
    "lighting": "natural",
    "complexity": 0.0,
    "dominant_colors": [
      "blue",
      "green",
      "white"
    ]
  },
  "features": {
    "edges": 0.7605846368260413,
    "texture": 0.33827616454145426,
    "symmetry": 0.3134583851228233,
    "blur": 0.21731230754380138,
    "brightness": 0.7788308631404888,
    "contrast": 0.5461857780568261
  },
  "processing_time": 1.1444091796875e-05,
  "confidence": 0.5
}