{
  "timestamp": 1764851181.809079,
  "image_id": "pipeline_test",
  "width": 1920,
  "height": 1080,
  "objects": [],
  "scene": {
    "primary_scene": "outdoor",
    "mood": "neutral",
    "lighting": "natural",
    "complexity": 0.0,
    "dominant_colors": [
      "blue",
      "green",
      "white"
    ]
  },
  "features": {
    "edges": 0.7305870440581608,
    "texture": 0.43484342687088146,
    "symmetry": 0.45292310695460186,
    "blur": 0.25241846948290947,
    "brightness": 0.7398012257820443,
    "contrast": 0.5544196600044855
  },
  "processing_time": 1.2874603271484375e-05,
  "confidence": 0.5
}