{
  "timestamp": 1764851181.8113227,
  "image_id": "stats_test_2",
  "width": 1280,
  "height": 720,
  "objects": [],
  "scene": {
    "primary_scene": "general",
    "mood": "neutral",
    "lighting": "natural",
    "complexity": 0.0,
    "dominant_colors": [
      "blue",
      "green",
      "white"
    ]
  },
  "features": {
    "edges": 0.5958823703288102,
    "texture": 0.6540913343664781,
    "symmetry": 0.5025388750948248,
    "blur": 0.14410402106024817,
    "brightness": 0.6700594899413357,
    "contrast": 0.8625723196502286
  },
  "processing_time": 1.1444091796875e-05,
  "confidence": 0.5
}