{
  "timestamp": 1764851181.8110425,
  "image_id": "stats_test_1",
  "width": 1280,
  "height": 720,
  "objects": [],
  "scene": {
    "primary_scene": "general",
    "mood": "neutral",
    "lighting": "natural",
    "complexity": 0.0,
    "dominant_colors": [
      "blue",
      "green",
      "white"
    ]
  },
  "features": {
    "edges": 0.7210994933877761,
    "texture": 0.4699437228874469,
    "symmetry": 0.451726541305632,
    "blur": 0.16409480416714783,
    "brightness": 0.6602507798338078,
    "contrast": 0.5916650742447562
  },
  "processing_time": 1.1205673217773438e-05,
  "confidence": 0.5
}