{
  "timestamp": 1768978759.9749172,
  "vitality": 0.0,
  "energy": 0.95,
  "inspiration": 0.3692585264160156,
  "mood": "I saw undefined_\uc544\ub984\ub2e4\uc6b4_\uc18c\ub140,_PVC_\ud53c\uaddc\uc5b4_\uc560\ub2c8\uba54 (1).png"
}