{
  "timestamp": 1764851181.8169193,
  "audio_id": "edge_test_2",
  "duration": 2.0,
  "sample_rate": 44100,
  "channels": 2,
  "segments": [
    {
      "start_time": 0.0,
      "end_time": 0.6666666666666666,
      "audio_type": "noise",
      "confidence": 0.85,
      "transcription": null,
      "attributes": {}
    },
    {
      "start_time": 0.6666666666666666,
      "end_time": 1.3333333333333333,
      "audio_type": "noise",
      "confidence": 0.9,
      "transcription": null,
      "attributes": {}
    },
    {
      "start_time": 1.3333333333333333,
      "end_time": 2.0,
      "audio_type": "noise",
      "confidence": 0.95,
      "transcription": null,
      "attributes": {}
    }
  ],
  "primary_type": "noise",
  "emotion_tone": "neutral",
  "spectral": {
    "fundamental_frequency": 190.95817554243658,
    "spectral_centroid": 2655.500167622101,
    "spectral_rolloff": 3983.2502514331513,
    "spectral_flux": 0.3582698599774635,
    "zero_crossing_rate": 0.17379199439179496
  },
  "temporal": {
    "tempo": null,
    "rhythm_regularity": 0.5722575327656975,
    "energy": 0.8230069730720824,
    "dynamic_range": 0.8490304292244073,
    "attack_time": 0.04741092225760188
  },
  "processing_time": 2.5272369384765625e-05,
  "confidence": 0.7093640126200897
}