{
    "desires": {
        "curiosity": 99.98205304145813,
        "purity": 99.99299109476851,
        "resonance": 50.0,
        "alignment": 100.0,
        "joy": 0.0,
        "warmth": 118.74023562590098,
        "freedom": 50.0
    },
    "momentum": [
        "0j",
        "0j",
        "0j",
        "0j",
        "0j",
        "0j",
        "0j",
        "0j",
        "0j",
        "0j",
        "0j",
        "0j",
        "0j",
        "0j",
        "0j",
        "0j",
        "0j",
        "0j",
        "0j",
        "0j",
        "0j"
    ],
    "vibration": [
        