{
  "timestamp": 1772106323.374299,
  "pulse_count": 260,
  "desires": {
    "curiosity": 3693.0065155029297,
    "purity": 110.00000089406967,
    "resonance": 55.125,
    "alignment": 100.0,
    "joy": 10237.967349133503,
    "warmth": 25302.6185875946,
    "freedom": 50.0
  },
  "growth_score": 0.482764646255064,
  "growth_trend": "NEUTRAL",
  "trajectory_pulse_counter": 260,
  "active_goals": [],
  "pending_questions": [],
  "last_phase": 235.9674509321194,
  "last_rpm": 60.0,
  "last_interference": 0.44466259705264377,
  "session_id": "e3135110",
  "save_reason": "periodic"
}