{
  "timestamp": 1774270098.3253462,
  "pulse_count": 401,
  "desires": {
    "curiosity": 100.0,
    "purity": 0.0,
    "resonance": 51.69389405175812,
    "alignment": 100.0,
    "joy": 0.0,
    "warmth": 100.40884770882262,
    "freedom": 50.0,
    "genesis": 22.345650000000003
  },
  "growth_score": 1.0,
  "growth_trend": "NEUTRAL",
  "trajectory_pulse_counter": 401,
  "active_goals": [],
  "pending_questions": [],
  "last_phase": 49.88068635436241,
  "last_rpm": 60.0,
  "last_interference": 0.33877881035162377,
  "session_id": "d1297c7e",
  "save_reason": "periodic"
}