{
  "timestamp": 1777696703.3390195,
  "pulse_count": 439,
  "desires": {
    "curiosity": 6.117035821080208,
    "purity": 100.0,
    "resonance": 6.859657223792723,
    "alignment": 100.0,
    "joy": 0.0,
    "warmth": 119.90193557446406,
    "freedom": 50.0,
    "genesis": 12.233720185050197
  },
  "growth_score": 1.0,
  "growth_trend": "NEUTRAL",
  "trajectory_pulse_counter": 439,
  "active_goals": [],
  "pending_questions": [],
  "last_phase": 280.57781807492375,
  "last_rpm": 60.0,
  "last_interference": 0.7613523832503659,
  "session_id": "376f0355",
  "save_reason": "periodic"
}