{
  "timestamp": 1777696606.7272756,
  "pulse_count": 438,
  "desires": {
    "curiosity": 6.0618806630373,
    "purity": 100.0,
    "resonance": 1.5226810620714488,
    "alignment": 100.0,
    "joy": 0.0,
    "warmth": 115.90193557446406,
    "freedom": 50.0,
    "genesis": 122.27603149229117
  },
  "growth_score": 1.0,
  "growth_trend": "NEUTRAL",
  "trajectory_pulse_counter": 438,
  "active_goals": [],
  "pending_questions": [],
  "last_phase": 110.91048018582765,
  "last_rpm": 60.0,
  "last_interference": -0.30657323506495826,
  "session_id": "7c906564",
  "save_reason": "periodic"
}