{
  "timestamp": 1773609061.2455802,
  "pulse_count": 396,
  "desires": {
    "curiosity": 100.0,
    "purity": 0.0,
    "resonance": 54.80094556263893,
    "alignment": 100.0,
    "joy": 0.0,
    "warmth": 100.15093777099774,
    "freedom": 50.0,
    "genesis": 4.5
  },
  "growth_score": 0.46533442187192275,
  "growth_trend": "NEUTRAL",
  "trajectory_pulse_counter": 396,
  "active_goals": [],
  "pending_questions": [],
  "last_phase": 140.8698606701214,
  "last_rpm": 60.0,
  "last_interference": 0.9601891125277857,
  "session_id": "de56dbc6",
  "save_reason": "periodic"
}