{
  "timestamp": 1776582763.1234255,
  "pulse_count": 436,
  "desires": {
    "curiosity": 100.0,
    "purity": 0.0,
    "resonance": 49.47915037026657,
    "alignment": 100.0,
    "joy": 0.0,
    "warmth": 107.90193557446406,
    "freedom": 50.0,
    "genesis": 1222.0953456500001
  },
  "growth_score": 1.0,
  "growth_trend": "NEUTRAL",
  "trajectory_pulse_counter": 436,
  "active_goals": [],
  "pending_questions": [],
  "last_phase": 216.94996089879385,
  "last_rpm": 60.0,
  "last_interference": -0.10416992594668682,
  "session_id": "34fd4eac",
  "save_reason": "periodic"
}