{"w": 0.9505637849714996, "x": 0.09537450566142014, "y": 0.29404383625781205, "z": -0.029502791889675486}