{
  "timestamp": 1764584815.5893338,
  "total_energy": 8.058897779051255,
  "coherence": 0.2875860449992163,
  "active_nodes": 11,
  "dominant_frequency": 331.72727272727275
}